
2026-09-10 20:52:53,307 - DEBUG - connect_tcp.started host='huggingface.co' port=443 local_address=None timeout=3 socket_options=None
2026-09-10 20:52:53,388 - DEBUG - connect_tcp.complete return_value=<httpcore._backends.sync.SyncStream object at 0x0000024385001FD0>
2026-09-10 20:52:53,389 - DEBUG - start_tls.started ssl_context=<ssl.SSLContext object at 0x00000243854939B0> server_hostname='huggingface.co' timeout=3
2026-09-10 20:52:53,512 - DEBUG - start_tls.complete return_value=<httpcore._backends.sync.SyncStream object at 0x000002438556AFD0>
2026-09-10 20:52:53,512 - DEBUG - send_request_headers.started request=<Request [b'GET']>
2026-09-10 20:52:53,514 - DEBUG - send_request_headers.complete
2026-09-10 20:52:53,514 - DEBUG - send_request_body.started request=<Request [b'GET']>
2026-09-10 20:52:53,544 - DEBUG - send_request_body.complete
2026-09-10 20:52:53,544 - DEBUG - receive_response_headers.started request=<Request [b'GET']>
2026-09-10 20:52:53,813 - DEBUG - receive_response_headers.complete return_value=(b'HTTP/1.1', 200, b'OK', [(b'Content-Type', b'application/json; charset=utf-8'), (b'Transfer-Encoding', b'chunked'), (b'Connection', b'keep-alive'), (b'Date', b'Thu, 10 Sep 2026 15:22:53 GMT'), (b'content-encoding', b'gzip'), (b'ETag', b'W/"164f-cVMc19JX8QJwuU/ZVV3kcWXr7tM"'), (b'X-Powered-By', b'huggingface-moon'), (b'X-Request-Id', b'Root=1-6aa2cb4d-54245a0d289388c80bff1135;595777c0-f74d-4c1a-8147-803cbd798316'), (b'RateLimit', b'"api";r=499;t=71'), (b'RateLimit-Policy', b'"fixed window";"api";q=500;w=300'), (b'cross-origin-opener-policy', b'same-origin'), (b'Referrer-Policy', b'strict-origin-when-cross-origin'), (b'Access-Control-Max-Age', b'86400'), (b'Access-Control-Allow-Origin', b'https://huggingface.co'), (b'Vary', b'Origin'), (b'vary', b'Accept-Encoding'), (b'Access-Control-Expose-Headers', b'X-Repo-Commit,X-Request-Id,X-Error-Code,X-Error-Message,X-Total-Count,ETag,Link,Accept-Ranges,Content-Range,X-Linked-Size,X-Linked-ETag,X-Xet-Hash'), (b'X-Cache', b'Miss from cloudfront'), (b'Via', b'1.1 abafbc5a94c5f59aa2cab9b9acb17d0a.cloudfront.net (CloudFront)'), (b'X-Amz-Cf-Pop', b'MAA51-P3'), (b'X-Amz-Cf-Id', b'zbZndlYxQhF6Nvoz_M7JY3TGIFmNHxuGg9KCsciaj0aegJQuoa6E6Q=='), (b'Strict-Transport-Security', b'max-age=31536000')])
2026-09-10 20:52:53,816 - INFO - HTTP Request: GET https://huggingface.co/api/agent-harnesses "HTTP/1.1 200 OK"
2026-09-10 20:52:53,817 - DEBUG - receive_response_body.started request=<Request [b'GET']>
2026-09-10 20:52:53,818 - DEBUG - receive_response_body.complete
2026-09-10 20:52:53,819 - DEBUG - response_closed.started
2026-09-10 20:52:53,819 - DEBUG - response_closed.complete
2026-09-10 20:52:53,823 - DEBUG - send_request_headers.started request=<Request [b'HEAD']>
2026-09-10 20:52:53,823 - DEBUG - send_request_headers.complete
2026-09-10 20:52:53,824 - DEBUG - send_request_body.started request=<Request [b'HEAD']>
2026-09-10 20:52:53,824 - DEBUG - send_request_body.complete
2026-09-10 20:52:53,824 - DEBUG - receive_response_headers.started request=<Request [b'HEAD']>
2026-09-10 20:52:54,222 - DEBUG - receive_response_headers.complete return_value=(b'HTTP/1.1', 307, b'Temporary Redirect', [(b'Content-Type', b'text/plain; charset=utf-8'), (b'Content-Length', b'270'), (b'Connection', b'keep-alive'), (b'Date', b'Thu, 10 Sep 2026 15:22:54 GMT'), (b'Location', b'/api/resolve-cache/models/Abhiram4/PlantDiseaseDetectorVit2/f298e427f91f83596786fe6b5b774539b3c9b337/config.json?%2FAbhiram4%2FPlantDiseaseDetectorVit2%2Fresolve%2Fmain%2Fconfig.json=&etag=%22440f449cd30b16d8d1017d656ada205a41c390f7%22'), (b'X-Powered-By', b'huggingface-moon'), (b'X-Request-Id', b'Root=1-6aa2cb4e-2914922d5708ead872687266;4d288743-5b95-4285-90a4-dd3180a8f4fb'), (b'RateLimit', b'"resolvers";r=2999;t=70'), (b'RateLimit-Policy', b'"fixed window";"resolvers";q=3000;w=300'), (b'cross-origin-opener-policy', b'same-origin'), (b'Referrer-Policy', b'strict-origin-when-cross-origin'), (b'Access-Control-Max-Age', b'86400'), (b'Access-Control-Allow-Origin', b'https://huggingface.co'), (b'Vary', b'Origin, Accept'), (b'Access-Control-Expose-Headers', b'X-Repo-Commit,X-Request-Id,X-Error-Code,X-Error-Message,X-Total-Count,ETag,Link,Accept-Ranges,Content-Range,X-Linked-Size,X-Linked-ETag,X-Xet-Hash'), (b'X-Repo-Commit', b'f298e427f91f83596786fe6b5b774539b3c9b337'), (b'Accept-Ranges', b'bytes'), (b'X-HF-Warning', b'unauthenticated; Warning: You are sending unauthenticated requests to the HF Hub. Please set a HF_TOKEN to enable higher rate limits and faster downloads.'), (b'X-Hub-Cache', b'MISS'), (b'Content-Disposition', b'inline; filename*=UTF-8\'\'config.json; filename="config.json";'), (b'Content-Security-Policy', b"default-src 'none'; sandbox"), (b'X-Linked-ETag', b'"440f449cd30b16d8d1017d656ada205a41c390f7"'), (b'X-Cache', b'Miss from cloudfront'), (b'Via', b'1.1 abafbc5a94c5f59aa2cab9b9acb17d0a.cloudfront.net (CloudFront)'), (b'X-Amz-Cf-Pop', b'MAA51-P3'), (b'X-Amz-Cf-Id', b'P2jUyDcThb3ZFM7QJ441qZ5AGe29WS1U1mne-2vQdr_6XpxtJvCoNg=='), (b'Strict-Transport-Security', b'max-age=31536000')])
2026-09-10 20:52:54,223 - INFO - HTTP Request: HEAD https://huggingface.co/Abhiram4/PlantDiseaseDetectorVit2/resolve/main/config.json "HTTP/1.1 307 Temporary Redirect"
2026-09-10 20:52:54,224 - DEBUG - receive_response_body.started request=<Request [b'HEAD']>
2026-09-10 20:52:54,225 - DEBUG - receive_response_body.complete
2026-09-10 20:52:54,225 - DEBUG - response_closed.started
2026-09-10 20:52:54,226 - DEBUG - response_closed.complete
2026-09-10 20:52:54,226 - WARNING - Warning: You are sending unauthenticated requests to the HF Hub. Please set a HF_TOKEN to enable higher rate limits and faster downloads.
2026-09-10 20:52:54,228 - DEBUG - send_request_headers.started request=<Request [b'HEAD']>
2026-09-10 20:52:54,229 - DEBUG - send_request_headers.complete
2026-09-10 20:52:54,229 - DEBUG - send_request_body.started request=<Request [b'HEAD']>
2026-09-10 20:52:54,229 - DEBUG - send_request_body.complete
2026-09-10 20:52:54,230 - DEBUG - receive_response_headers.started request=<Request [b'HEAD']>
2026-09-10 20:52:54,290 - DEBUG - receive_response_headers.complete return_value=(b'HTTP/1.1', 200, b'OK', [(b'Content-Type', b'text/plain; charset=utf-8'), (b'Content-Length', b'3787'), (b'Connection', b'keep-alive'), (b'Date', b'Sun, 06 Sep 2026 19:27:11 GMT'), (b'ETag', b'"440f449cd30b16d8d1017d656ada205a41c390f7"'), (b'X-Powered-By', b'huggingface-moon'), (b'X-Request-Id', b'Root=1-6a9dbe8f-152f305141d152936f972005'), (b'RateLimit', b'"resolvers";r=2898;t=229'), (b'RateLimit-Policy', b'"fixed window";"resolvers";q=3000;w=300'), (b'cross-origin-opener-policy', b'same-origin'), (b'Referrer-Policy', b'strict-origin-when-cross-origin'), (b'Access-Control-Max-Age', b'86400'), (b'Access-Control-Allow-Origin', b'https://huggingface.co'), (b'Access-Control-Expose-Headers', b'X-Repo-Commit,X-Request-Id,X-Error-Code,X-Error-Message,X-Total-Count,ETag,Link,Accept-Ranges,Content-Range,X-Linked-Size,X-Linked-ETag,X-Xet-Hash'), (b'X-Repo-Commit', b'f298e427f91f83596786fe6b5b774539b3c9b337'), (b'Accept-Ranges', b'bytes'), (b'Content-Disposition', b'inline; filename*=UTF-8\'\'config.json; filename="config.json";'), (b'Content-Security-Policy', b"default-src 'none'; sandbox"), (b'Vary', b'Origin'), (b'X-Cache', b'Hit from cloudfront'), (b'Via', b'1.1 abafbc5a94c5f59aa2cab9b9acb17d0a.cloudfront.net (CloudFront)'), (b'X-Amz-Cf-Pop', b'MAA51-P3'), (b'X-Amz-Cf-Id', b'DHVTHjX6bOr5UIbHyVKKiO5KIdMZujgD3p8Yg4JL_N2GYzyR96cTIw=='), (b'Age', b'330943'), (b'Strict-Transport-Security', b'max-age=31536000')])
2026-09-10 20:52:54,291 - INFO - HTTP Request: HEAD https://huggingface.co/api/resolve-cache/models/Abhiram4/PlantDiseaseDetectorVit2/f298e427f91f83596786fe6b5b774539b3c9b337/config.json?%2FAbhiram4%2FPlantDiseaseDetectorVit2%2Fresolve%2Fmain%2Fconfig.json=&etag=%22440f449cd30b16d8d1017d656ada205a41c390f7%22 "HTTP/1.1 200 OK"
2026-09-10 20:52:54,291 - DEBUG - receive_response_body.started request=<Request [b'HEAD']>
2026-09-10 20:52:54,292 - DEBUG - receive_response_body.complete
2026-09-10 20:52:54,292 - DEBUG - response_closed.started
2026-09-10 20:52:54,293 - DEBUG - response_closed.complete
2026-09-10 20:52:54,331 - DEBUG - Attempting to acquire lock 2489017438560 on C:\Users\nutha\.cache\huggingface\hub\.locks\models--Abhiram4--PlantDiseaseDetectorVit2\440f449cd30b16d8d1017d656ada205a41c390f7.lock
2026-09-10 20:52:54,331 - DEBUG - Lock 2489017438560 acquired on C:\Users\nutha\.cache\huggingface\hub\.locks\models--Abhiram4--PlantDiseaseDetectorVit2\440f449cd30b16d8d1017d656ada205a41c390f7.lock
2026-09-10 20:52:54,333 - DEBUG - send_request_headers.started request=<Request [b'GET']>
2026-09-10 20:52:54,333 - DEBUG - send_request_headers.complete
2026-09-10 20:52:54,333 - DEBUG - send_request_body.started request=<Request [b'GET']>
2026-09-10 20:52:54,333 - DEBUG - send_request_body.complete
2026-09-10 20:52:54,333 - DEBUG - receive_response_headers.started request=<Request [b'GET']>
2026-09-10 20:52:54,737 - DEBUG - receive_response_headers.complete return_value=(b'HTTP/1.1', 200, b'OK', [(b'Content-Type', b'text/plain; charset=utf-8'), (b'Transfer-Encoding', b'chunked'), (b'Connection', b'keep-alive'), (b'Date', b'Mon, 07 Sep 2026 12:57:30 GMT'), (b'Content-Encoding', b'gzip'), (b'ETag', b'W/"440f449cd30b16d8d1017d656ada205a41c390f7"'), (b'X-Powered-By', b'huggingface-moon'), (b'X-Request-Id', b'Root=1-6a9eb4ba-68a38b8115a3636942eb78e2;838b175a-7717-4df1-8e8b-6967f2a18f1b'), (b'RateLimit', b'"resolvers";r=2998;t=60'), (b'RateLimit-Policy', b'"fixed window";"resolvers";q=3000;w=300'), (b'cross-origin-opener-policy', b'same-origin'), (b'Referrer-Policy', b'strict-origin-when-cross-origin'), (b'Access-Control-Max-Age', b'86400'), (b'Access-Control-Allow-Origin', b'https://huggingface.co'), (b'Access-Control-Expose-Headers', b'X-Repo-Commit,X-Request-Id,X-Error-Code,X-Error-Message,X-Total-Count,ETag,Link,Accept-Ranges,Content-Range,X-Linked-Size,X-Linked-ETag,X-Xet-Hash'), (b'X-Repo-Commit', b'f298e427f91f83596786fe6b5b774539b3c9b337'), (b'Content-Security-Policy', b"default-src 'none'; sandbox"), (b'Content-Disposition', b'inline; filename*=UTF-8\'\'config.json; filename="config.json";'), (b'Vary', b'Origin,Accept-Encoding'), (b'X-Cache', b'Hit from cloudfront'), (b'Via', b'1.1 abafbc5a94c5f59aa2cab9b9acb17d0a.cloudfront.net (CloudFront)'), (b'X-Amz-Cf-Pop', b'MAA51-P3'), (b'X-Amz-Cf-Id', b'1Y6krkRb_FmFH54JbwXMujQchsv07UITpvL-Eqri3zJvylf8tUCn6A=='), (b'Age', b'267924'), (b'Strict-Transport-Security', b'max-age=31536000')])
2026-09-10 20:52:54,738 - INFO - HTTP Request: GET https://huggingface.co/api/resolve-cache/models/Abhiram4/PlantDiseaseDetectorVit2/f298e427f91f83596786fe6b5b774539b3c9b337/config.json?%2FAbhiram4%2FPlantDiseaseDetectorVit2%2Fresolve%2Fmain%2Fconfig.json=&etag=%22440f449cd30b16d8d1017d656ada205a41c390f7%22 "HTTP/1.1 200 OK"
2026-09-10 20:52:54,739 - DEBUG - receive_response_body.started request=<Request [b'GET']>
2026-09-10 20:52:54,740 - DEBUG - receive_response_body.complete
2026-09-10 20:52:54,740 - DEBUG - response_closed.started
2026-09-10 20:52:54,740 - DEBUG - response_closed.complete
2026-09-10 20:52:54,747 - DEBUG - Attempting to release lock 2489017438560 on C:\Users\nutha\.cache\huggingface\hub\.locks\models--Abhiram4--PlantDiseaseDetectorVit2\440f449cd30b16d8d1017d656ada205a41c390f7.lock
2026-09-10 20:52:54,748 - DEBUG - Lock 2489017438560 released on C:\Users\nutha\.cache\huggingface\hub\.locks\models--Abhiram4--PlantDiseaseDetectorVit2\440f449cd30b16d8d1017d656ada205a41c390f7.lock
2026-09-10 20:52:54,784 - DEBUG - close.started
2026-09-10 20:52:54,785 - DEBUG - close.complete
2026-09-10 20:55:36,778 - DEBUG - connect_tcp.started host='huggingface.co' port=443 local_address=None timeout=10 socket_options=None
2026-09-10 20:55:36,899 - DEBUG - connect_tcp.complete return_value=<httpcore._backends.sync.SyncStream object at 0x0000021A3E1CE510>
2026-09-10 20:55:36,900 - DEBUG - start_tls.started ssl_context=<ssl.SSLContext object at 0x0000021A33B72720> server_hostname='huggingface.co' timeout=10
2026-09-10 20:55:36,990 - DEBUG - start_tls.complete return_value=<httpcore._backends.sync.SyncStream object at 0x0000021A3E22A5D0>
2026-09-10 20:55:36,991 - DEBUG - send_request_headers.started request=<Request [b'HEAD']>
2026-09-10 20:55:36,992 - DEBUG - send_request_headers.complete
2026-09-10 20:55:36,992 - DEBUG - send_request_body.started request=<Request [b'HEAD']>
2026-09-10 20:55:36,993 - DEBUG - send_request_body.complete
2026-09-10 20:55:36,993 - DEBUG - receive_response_headers.started request=<Request [b'HEAD']>
2026-09-10 20:55:37,449 - DEBUG - receive_response_headers.complete return_value=(b'HTTP/1.1', 307, b'Temporary Redirect', [(b'Content-Type', b'text/plain; charset=utf-8'), (b'Content-Length', b'270'), (b'Connection', b'keep-alive'), (b'Date', b'Thu, 10 Sep 2026 15:25:37 GMT'), (b'Location', b'/api/resolve-cache/models/Abhiram4/PlantDiseaseDetectorVit2/f298e427f91f83596786fe6b5b774539b3c9b337/config.json?%2FAbhiram4%2FPlantDiseaseDetectorVit2%2Fresolve%2Fmain%2Fconfig.json=&etag=%22440f449cd30b16d8d1017d656ada205a41c390f7%22'), (b'X-Powered-By', b'huggingface-moon'), (b'X-Request-Id', b'Root=1-6aa2cbf1-6fdb0e8920062bb52cd3fa07;54127e97-84ee-474b-b9d8-d74f079e1fe2'), (b'RateLimit', b'"resolvers";r=2999;t=207'), (b'RateLimit-Policy', b'"fixed window";"resolvers";q=3000;w=300'), (b'cross-origin-opener-policy', b'same-origin'), (b'Referrer-Policy', b'strict-origin-when-cross-origin'), (b'Access-Control-Max-Age', b'86400'), (b'Access-Control-Allow-Origin', b'https://huggingface.co'), (b'Vary', b'Origin, Accept'), (b'Access-Control-Expose-Headers', b'X-Repo-Commit,X-Request-Id,X-Error-Code,X-Error-Message,X-Total-Count,ETag,Link,Accept-Ranges,Content-Range,X-Linked-Size,X-Linked-ETag,X-Xet-Hash'), (b'X-Repo-Commit', b'f298e427f91f83596786fe6b5b774539b3c9b337'), (b'Accept-Ranges', b'bytes'), (b'X-HF-Warning', b'unauthenticated; Warning: You are sending unauthenticated requests to the HF Hub. Please set a HF_TOKEN to enable higher rate limits and faster downloads.'), (b'X-Hub-Cache', b'MISS'), (b'Content-Disposition', b'inline; filename*=UTF-8\'\'config.json; filename="config.json";'), (b'Content-Security-Policy', b"default-src 'none'; sandbox"), (b'X-Linked-ETag', b'"440f449cd30b16d8d1017d656ada205a41c390f7"'), (b'X-Cache', b'Miss from cloudfront'), (b'Via', b'1.1 7466efd38e23df4aeaae0986f151c420.cloudfront.net (CloudFront)'), (b'X-Amz-Cf-Pop', b'MAA51-P3'), (b'X-Amz-Cf-Id', b'nyXAAG-q490pXpaF83UjFR1btsglC77_PmOl1s77dt9HmqiSerm0Bw=='), (b'Strict-Transport-Security', b'max-age=31536000')])
2026-09-10 20:55:37,451 - INFO - HTTP Request: HEAD https://huggingface.co/Abhiram4/PlantDiseaseDetectorVit2/resolve/main/config.json "HTTP/1.1 307 Temporary Redirect"
2026-09-10 20:55:37,452 - DEBUG - receive_response_body.started request=<Request [b'HEAD']>
2026-09-10 20:55:37,453 - DEBUG - receive_response_body.complete
2026-09-10 20:55:37,453 - DEBUG - response_closed.started
2026-09-10 20:55:37,454 - DEBUG - response_closed.complete
2026-09-10 20:55:37,466 - WARNING - Warning: You are sending unauthenticated requests to the HF Hub. Please set a HF_TOKEN to enable higher rate limits and faster downloads.
2026-09-10 20:55:37,467 - DEBUG - send_request_headers.started request=<Request [b'HEAD']>
2026-09-10 20:55:37,468 - DEBUG - send_request_headers.complete
2026-09-10 20:55:37,468 - DEBUG - send_request_body.started request=<Request [b'HEAD']>
2026-09-10 20:55:37,469 - DEBUG - send_request_body.complete
2026-09-10 20:55:37,469 - DEBUG - receive_response_headers.started request=<Request [b'HEAD']>
2026-09-10 20:55:37,557 - DEBUG - receive_response_headers.complete return_value=(b'HTTP/1.1', 200, b'OK', [(b'Content-Type', b'text/plain; charset=utf-8'), (b'Content-Length', b'3787'), (b'Connection', b'keep-alive'), (b'Date', b'Sun, 06 Sep 2026 19:27:11 GMT'), (b'ETag', b'"440f449cd30b16d8d1017d656ada205a41c390f7"'), (b'X-Powered-By', b'huggingface-moon'), (b'X-Request-Id', b'Root=1-6a9dbe8f-152f305141d152936f972005'), (b'RateLimit', b'"resolvers";r=2898;t=229'), (b'RateLimit-Policy', b'"fixed window";"resolvers";q=3000;w=300'), (b'cross-origin-opener-policy', b'same-origin'), (b'Referrer-Policy', b'strict-origin-when-cross-origin'), (b'Access-Control-Max-Age', b'86400'), (b'Access-Control-Allow-Origin', b'https://huggingface.co'), (b'Access-Control-Expose-Headers', b'X-Repo-Commit,X-Request-Id,X-Error-Code,X-Error-Message,X-Total-Count,ETag,Link,Accept-Ranges,Content-Range,X-Linked-Size,X-Linked-ETag,X-Xet-Hash'), (b'X-Repo-Commit', b'f298e427f91f83596786fe6b5b774539b3c9b337'), (b'Accept-Ranges', b'bytes'), (b'Content-Disposition', b'inline; filename*=UTF-8\'\'config.json; filename="config.json";'), (b'Content-Security-Policy', b"default-src 'none'; sandbox"), (b'Vary', b'Origin'), (b'X-Cache', b'Hit from cloudfront'), (b'Via', b'1.1 7466efd38e23df4aeaae0986f151c420.cloudfront.net (CloudFront)'), (b'X-Amz-Cf-Pop', b'MAA51-P3'), (b'X-Amz-Cf-Id', b'HD4HpYe_P4OaMtrn1fNEJZUKxm3qpWBSWbwJ9Puj8Wdlmqlo5sbQ2A=='), (b'Age', b'331106'), (b'Strict-Transport-Security', b'max-age=31536000')])
2026-09-10 20:55:37,559 - INFO - HTTP Request: HEAD https://huggingface.co/api/resolve-cache/models/Abhiram4/PlantDiseaseDetectorVit2/f298e427f91f83596786fe6b5b774539b3c9b337/config.json?%2FAbhiram4%2FPlantDiseaseDetectorVit2%2Fresolve%2Fmain%2Fconfig.json=&etag=%22440f449cd30b16d8d1017d656ada205a41c390f7%22 "HTTP/1.1 200 OK"
2026-09-10 20:55:37,559 - DEBUG - receive_response_body.started request=<Request [b'HEAD']>
2026-09-10 20:55:37,560 - DEBUG - receive_response_body.complete
2026-09-10 20:55:37,560 - DEBUG - response_closed.started
2026-09-10 20:55:37,560 - DEBUG - response_closed.complete
2026-09-10 20:55:37,634 - DEBUG - send_request_headers.started request=<Request [b'HEAD']>
2026-09-10 20:55:37,635 - DEBUG - send_request_headers.complete
2026-09-10 20:55:37,635 - DEBUG - send_request_body.started request=<Request [b'HEAD']>
2026-09-10 20:55:37,636 - DEBUG - send_request_body.complete
2026-09-10 20:55:37,636 - DEBUG - receive_response_headers.started request=<Request [b'HEAD']>
2026-09-10 20:55:38,064 - DEBUG - receive_response_headers.complete return_value=(b'HTTP/1.1', 302, b'Found', [(b'Content-Type', b'text/plain; charset=utf-8'), (b'Content-Length', b'980'), (b'Connection', b'keep-alive'), (b'Date', b'Thu, 10 Sep 2026 15:25:37 GMT'), (b'Location', b'https://us.aws.cdn.hf.co/xet-bridge-us/6690d45d7ab665b9f576b7e3/42321467957029d06e1a967e0456176234b21d8cdbd169306032e5794ecc4e1f?response-content-disposition=inline%3B+filename*%3DUTF-8%27%27model.safetensors%3B+filename%3D%22model.safetensors%22%3B&X-Xet-Cas-Uid=public&user_id=public&Expires=1789057537&Policy=eyJTdGF0ZW1lbnQiOlt7IlJlc291cmNlIjoiaHR0cHM6Ly91cy5hd3MuY2RuLmhmLmNvL3hldC1icmlkZ2UtdXMvNjY5MGQ0NWQ3YWI2NjViOWY1NzZiN2UzLzQyMzIxNDY3OTU3MDI5ZDA2ZTFhOTY3ZTA0NTYxNzYyMzRiMjFkOGNkYmQxNjkzMDYwMzJlNTc5NGVjYzRlMWZcXD9yZXNwb25zZS1jb250ZW50LWRpc3Bvc2l0aW9uPWlubGluZSUzQitmaWxlbmFtZSUyQSUzRFVURi04JTI3JTI3bW9kZWwuc2FmZXRlbnNvcnMlM0IrZmlsZW5hbWUlM0QlMjJtb2RlbC5zYWZldGVuc29ycyUyMiUzQiZYLVhldC1DYXMtVWlkPXB1YmxpYyZ1c2VyX2lkPXB1YmxpYyIsIkNvbmRpdGlvbiI6eyJEYXRlTGVzc1RoYW4iOnsiRXBvY2hUaW1lIjoxNzg5MDU3NTM3fX19XX0_&Signature=MEUCIQDrOXm6YQcbwQ5SjAPH4guL0sk2TQzEOm9zbj3U8BPmNwIgRoNvcXhzW6J3Ypt4Tr91jrskJHtcK4NIBhX0WOJN3Is_&Key-Pair-Id=01KXEF4KZ1B6FV465MAWR4M21F'), (b'X-Powered-By', b'huggingface-moon'), (b'X-Request-Id', b'Root=1-6aa2cbf1-0d2eff7e4565c1833a67e4bf;444562f9-ad8e-4eb7-a15a-43cdf9eebc23'), (b'RateLimit', b'"resolvers";r=2998;t=207'), (b'RateLimit-Policy', b'"fixed window";"resolvers";q=3000;w=300'), (b'cross-origin-opener-policy', b'same-origin'), (b'Referrer-Policy', b'strict-origin-when-cross-origin'), (b'Access-Control-Max-Age', b'86400'), (b'Access-Control-Allow-Origin', b'https://huggingface.co'), (b'Vary', b'Origin, Accept'), (b'Access-Control-Expose-Headers', b'X-Repo-Commit,X-Request-Id,X-Error-Code,X-Error-Message,X-Total-Count,ETag,Link,Accept-Ranges,Content-Range,X-Linked-Size,X-Linked-ETag,X-Xet-Hash'), (b'X-Repo-Commit', b'f298e427f91f83596786fe6b5b774539b3c9b337'), (b'Accept-Ranges', b'bytes'), (b'X-Hub-Cache', b'MISS'), (b'X-Linked-Size', b'343353176'), (b'X-Linked-ETag', b'"39d14ca9cf7840ca8fe4ce5b76096a75f8aa181a49966bfee42b2a1772c088c6"'), (b'Cache-Control', b'no-store'), (b'X-Xet-Hash', b'42321467957029d06e1a967e0456176234b21d8cdbd169306032e5794ecc4e1f'), (b'Link', b'<https://huggingface.co/api/models/Abhiram4/PlantDiseaseDetectorVit2/xet-read-token/f298e427f91f83596786fe6b5b774539b3c9b337>; rel="xet-auth", <https://cas-server.xethub.hf.co/v1/reconstructions/42321467957029d06e1a967e0456176234b21d8cdbd169306032e5794ecc4e1f>; rel="xet-reconstruction-info"'), (b'X-Cache', b'Miss from cloudfront'), (b'Via', b'1.1 7466efd38e23df4aeaae0986f151c420.cloudfront.net (CloudFront)'), (b'X-Amz-Cf-Pop', b'MAA51-P3'), (b'X-Amz-Cf-Id', b'c1azejPl7Df68gtewSe2KnmQMl2UT8untegshHbm-C_0mA-vNlRWbQ=='), (b'Strict-Transport-Security', b'max-age=31536000')])
2026-09-10 20:55:38,065 - INFO - HTTP Request: HEAD https://huggingface.co/Abhiram4/PlantDiseaseDetectorVit2/resolve/main/model.safetensors "HTTP/1.1 302 Found"
2026-09-10 20:55:38,066 - DEBUG - receive_response_body.started request=<Request [b'HEAD']>
2026-09-10 20:55:38,067 - DEBUG - receive_response_body.complete
2026-09-10 20:55:38,067 - DEBUG - response_closed.started
2026-09-10 20:55:38,068 - DEBUG - response_closed.complete
2026-09-10 20:55:38,072 - DEBUG - Attempting to acquire lock 2311734491328 on C:\Users\nutha\.cache\huggingface\hub\.locks\models--Abhiram4--PlantDiseaseDetectorVit2\39d14ca9cf7840ca8fe4ce5b76096a75f8aa181a49966bfee42b2a1772c088c6.lock
2026-09-10 20:55:38,075 - DEBUG - Lock 2311734491328 acquired on C:\Users\nutha\.cache\huggingface\hub\.locks\models--Abhiram4--PlantDiseaseDetectorVit2\39d14ca9cf7840ca8fe4ce5b76096a75f8aa181a49966bfee42b2a1772c088c6.lock
2026-09-10 20:55:38,160 - DEBUG - send_request_headers.started request=<Request [b'GET']>
2026-09-10 20:55:38,161 - DEBUG - send_request_headers.complete
2026-09-10 20:55:38,162 - DEBUG - send_request_body.started request=<Request [b'GET']>
2026-09-10 20:55:38,162 - DEBUG - send_request_body.complete
2026-09-10 20:55:38,162 - DEBUG - receive_response_headers.started request=<Request [b'GET']>
2026-09-10 20:55:38,471 - DEBUG - receive_response_headers.complete return_value=(b'HTTP/1.1', 200, b'OK', [(b'Content-Type', b'application/json; charset=utf-8'), (b'Content-Length', b'490'), (b'Connection', b'keep-alive'), (b'Date', b'Thu, 10 Sep 2026 15:25:38 GMT'), (b'ETag', b'W/"1ea-yGzpQSNTjIvM+1XivdPi3NiOnJE"'), (b'X-Powered-By', b'huggingface-moon'), (b'X-Request-Id', b'Root=1-6aa2cbf2-669e5d177725de9756f83d76;472327ff-c6be-42b8-8d50-cbc90d3e9bdb'), (b'RateLimit', b'"api";r=499;t=206'), (b'RateLimit-Policy', b'"fixed window";"api";q=500;w=300'), (b'cross-origin-opener-policy', b'same-origin'), (b'Referrer-Policy', b'strict-origin-when-cross-origin'), (b'Access-Control-Max-Age', b'86400'), (b'Access-Control-Allow-Origin', b'https://huggingface.co'), (b'Vary', b'Origin'), (b'Access-Control-Expose-Headers', b'X-Repo-Commit,X-Request-Id,X-Error-Code,X-Error-Message,X-Total-Count,ETag,Link,Accept-Ranges,Content-Range,X-Linked-Size,X-Linked-ETag,X-Xet-Hash'), (b'X-Xet-Cas-Url', b'https://cas-server.xethub.hf.co'), (b'X-Xet-Token-Expiration', b'1789054838'), (b'X-Xet-Access-Token', b'eyJhbGciOiJIUzI1NiJ9.eyJyZXBvSWQiOiI2NjkwZDQ1ZDdhYjY2NWI5ZjU3NmI3ZTMiLCJ1c2VySWQiOiJwdWJsaWMiLCJhY2Nlc3MiOiJSRUFEIiwidXNlUHJpdmF0ZUxpbmsiOmZhbHNlLCJoZkNkblRpZXIiOiJ1bmF1dGhlbnRpY2F0ZWQiLCJyZXBvX3N0b3JhZ2VfdHlwZSI6ImdpdCIsImlhdCI6MTc4OTA1MzkzOCwianRpIjoiN2M1NDU0NWItYTNkNi00NjUzLTliYjYtYTc3NWU2ZDFkZjc2IiwiZXhwIjoxNzg5MDU0ODM4LCJpc3MiOiJodHRwczovL2h1Z2dpbmdmYWNlLmNvIn0.no0I1tLXqWMVlF9BX0pWVawzeDe-QOWdClqjm82Eguc'), (b'X-Cache', b'Miss from cloudfront'), (b'Via', b'1.1 7466efd38e23df4aeaae0986f151c420.cloudfront.net (CloudFront)'), (b'X-Amz-Cf-Pop', b'MAA51-P3'), (b'X-Amz-Cf-Id', b'VNHKzKpgZylLQtO5qBWqatrOHtwZxb5KDBfK0Z9w66LzbN6e0i_dQQ=='), (b'Strict-Transport-Security', b'max-age=31536000')])
2026-09-10 20:55:38,472 - INFO - HTTP Request: GET https://huggingface.co/api/models/Abhiram4/PlantDiseaseDetectorVit2/xet-read-token/f298e427f91f83596786fe6b5b774539b3c9b337 "HTTP/1.1 200 OK"
2026-09-10 20:55:38,473 - DEBUG - receive_response_body.started request=<Request [b'GET']>
2026-09-10 20:55:38,474 - DEBUG - receive_response_body.complete
2026-09-10 20:55:38,475 - DEBUG - response_closed.started
2026-09-10 20:55:38,475 - DEBUG - response_closed.complete
2026-09-10 20:56:41,818 - DEBUG - Attempting to release lock 2311734491328 on C:\Users\nutha\.cache\huggingface\hub\.locks\models--Abhiram4--PlantDiseaseDetectorVit2\39d14ca9cf7840ca8fe4ce5b76096a75f8aa181a49966bfee42b2a1772c088c6.lock
2026-09-10 20:56:41,819 - DEBUG - Lock 2311734491328 released on C:\Users\nutha\.cache\huggingface\hub\.locks\models--Abhiram4--PlantDiseaseDetectorVit2\39d14ca9cf7840ca8fe4ce5b76096a75f8aa181a49966bfee42b2a1772c088c6.lock
2026-09-10 20:56:42,310 - DEBUG - close.started
2026-09-10 20:56:42,311 - DEBUG - close.complete
2026-09-10 20:56:42,311 - DEBUG - connect_tcp.started host='huggingface.co' port=443 local_address=None timeout=10 socket_options=None
2026-09-10 20:56:42,423 - DEBUG - connect_tcp.complete return_value=<httpcore._backends.sync.SyncStream object at 0x0000021A3E22BED0>
2026-09-10 20:56:42,423 - DEBUG - start_tls.started ssl_context=<ssl.SSLContext object at 0x0000021A33B72720> server_hostname='huggingface.co' timeout=10
2026-09-10 20:56:42,568 - DEBUG - start_tls.complete return_value=<httpcore._backends.sync.SyncStream object at 0x0000021A3E305480>
2026-09-10 20:56:42,568 - DEBUG - send_request_headers.started request=<Request [b'HEAD']>
2026-09-10 20:56:42,569 - DEBUG - send_request_headers.complete
2026-09-10 20:56:42,569 - DEBUG - send_request_body.started request=<Request [b'HEAD']>
2026-09-10 20:56:42,569 - DEBUG - send_request_body.complete
2026-09-10 20:56:42,569 - DEBUG - receive_response_headers.started request=<Request [b'HEAD']>
2026-09-10 20:56:42,969 - DEBUG - receive_response_headers.complete return_value=(b'HTTP/1.1', 404, b'Not Found', [(b'Content-Type', b'text/plain; charset=utf-8'), (b'Content-Length', b'15'), (b'Connection', b'keep-alive'), (b'Date', b'Thu, 10 Sep 2026 15:26:42 GMT'), (b'ETag', b'W/"f-mY2VvLxuxB7KhsoOdQTlMTccuAQ"'), (b'X-Powered-By', b'huggingface-moon'), (b'X-Request-Id', b'Root=1-6aa2cc32-26598fa1577fd7b025962479;ab605f63-1d65-4efb-bd61-40b92e1341ed'), (b'RateLimit', b'"resolvers";r=2997;t=142'), (b'RateLimit-Policy', b'"fixed window";"resolvers";q=3000;w=300'), (b'cross-origin-opener-policy', b'same-origin'), (b'Referrer-Policy', b'strict-origin-when-cross-origin'), (b'Access-Control-Max-Age', b'86400'), (b'Access-Control-Allow-Origin', b'https://huggingface.co'), (b'Vary', b'Origin'), (b'Access-Control-Expose-Headers', b'X-Repo-Commit,X-Request-Id,X-Error-Code,X-Error-Message,X-Total-Count,ETag,Link,Accept-Ranges,Content-Range,X-Linked-Size,X-Linked-ETag,X-Xet-Hash'), (b'X-Repo-Commit', b'f298e427f91f83596786fe6b5b774539b3c9b337'), (b'Accept-Ranges', b'bytes'), (b'X-Hub-Cache', b'MISS'), (b'X-Error-Code', b'EntryNotFound'), (b'X-Error-Message', b'Entry not found'), (b'X-Cache', b'Error from cloudfront'), (b'Via', b'1.1 f0b0b757bda5d486a2538debdf4d2396.cloudfront.net (CloudFront)'), (b'X-Amz-Cf-Pop', b'MAA51-P3'), (b'X-Amz-Cf-Id', b'zLqDCeECyEOxX7o9Na-8A3kamMJ0pwivLj0L5QVmiCZIX29bSbsMqA=='), (b'Strict-Transport-Security', b'max-age=31536000')])
2026-09-10 20:56:42,970 - INFO - HTTP Request: HEAD https://huggingface.co/Abhiram4/PlantDiseaseDetectorVit2/resolve/main/processor_config.json "HTTP/1.1 404 Not Found"
2026-09-10 20:56:42,970 - DEBUG - receive_response_body.started request=<Request [b'HEAD']>
2026-09-10 20:56:42,970 - DEBUG - receive_response_body.complete
2026-09-10 20:56:42,970 - DEBUG - response_closed.started
2026-09-10 20:56:42,971 - DEBUG - response_closed.complete
2026-09-10 20:56:42,974 - DEBUG - send_request_headers.started request=<Request [b'HEAD']>
2026-09-10 20:56:42,975 - DEBUG - send_request_headers.complete
2026-09-10 20:56:42,975 - DEBUG - send_request_body.started request=<Request [b'HEAD']>
2026-09-10 20:56:42,975 - DEBUG - send_request_body.complete
2026-09-10 20:56:42,975 - DEBUG - receive_response_headers.started request=<Request [b'HEAD']>
2026-09-10 20:56:43,271 - DEBUG - receive_response_headers.complete return_value=(b'HTTP/1.1', 307, b'Temporary Redirect', [(b'Content-Type', b'text/plain; charset=utf-8'), (b'Content-Length', b'296'), (b'Connection', b'keep-alive'), (b'Date', b'Thu, 10 Sep 2026 15:26:43 GMT'), (b'Location', b'/api/resolve-cache/models/Abhiram4/PlantDiseaseDetectorVit2/f298e427f91f83596786fe6b5b774539b3c9b337/preprocessor_config.json?%2FAbhiram4%2FPlantDiseaseDetectorVit2%2Fresolve%2Fmain%2Fpreprocessor_config.json=&etag=%22273d24924a8bd10227b532d603484f165dcb0b5d%22'), (b'X-Powered-By', b'huggingface-moon'), (b'X-Request-Id', b'Root=1-6aa2cc33-000438a27b102f47142c6b2a;fe3340ba-05ff-4596-ba77-331321ebc212'), (b'RateLimit', b'"resolvers";r=2996;t=141'), (b'RateLimit-Policy', b'"fixed window";"resolvers";q=3000;w=300'), (b'cross-origin-opener-policy', b'same-origin'), (b'Referrer-Policy', b'strict-origin-when-cross-origin'), (b'Access-Control-Max-Age', b'86400'), (b'Access-Control-Allow-Origin', b'https://huggingface.co'), (b'Vary', b'Origin, Accept'), (b'Access-Control-Expose-Headers', b'X-Repo-Commit,X-Request-Id,X-Error-Code,X-Error-Message,X-Total-Count,ETag,Link,Accept-Ranges,Content-Range,X-Linked-Size,X-Linked-ETag,X-Xet-Hash'), (b'X-Repo-Commit', b'f298e427f91f83596786fe6b5b774539b3c9b337'), (b'Accept-Ranges', b'bytes'), (b'X-HF-Warning', b'unauthenticated; Warning: You are sending unauthenticated requests to the HF Hub. Please set a HF_TOKEN to enable higher rate limits and faster downloads.'), (b'X-Hub-Cache', b'MISS'), (b'Content-Disposition', b'inline; filename*=UTF-8\'\'preprocessor_config.json; filename="preprocessor_config.json";'), (b'Content-Security-Policy', b"default-src 'none'; sandbox"), (b'X-Linked-ETag', b'"273d24924a8bd10227b532d603484f165dcb0b5d"'), (b'X-Cache', b'Miss from cloudfront'), (b'Via', b'1.1 f0b0b757bda5d486a2538debdf4d2396.cloudfront.net (CloudFront)'), (b'X-Amz-Cf-Pop', b'MAA51-P3'), (b'X-Amz-Cf-Id', b'AUv8s4UK9FNL34Guxi7rTtyWG95p3tGvb8SG6AqWo-KjYytqugEshA=='), (b'Strict-Transport-Security', b'max-age=31536000')])
2026-09-10 20:56:43,272 - INFO - HTTP Request: HEAD https://huggingface.co/Abhiram4/PlantDiseaseDetectorVit2/resolve/main/preprocessor_config.json "HTTP/1.1 307 Temporary Redirect"
2026-09-10 20:56:43,272 - DEBUG - receive_response_body.started request=<Request [b'HEAD']>
2026-09-10 20:56:43,273 - DEBUG - receive_response_body.complete
2026-09-10 20:56:43,273 - DEBUG - response_closed.started
2026-09-10 20:56:43,273 - DEBUG - response_closed.complete
2026-09-10 20:56:43,274 - DEBUG - send_request_headers.started request=<Request [b'HEAD']>
2026-09-10 20:56:43,274 - DEBUG - send_request_headers.complete
2026-09-10 20:56:43,275 - DEBUG - send_request_body.started request=<Request [b'HEAD']>
2026-09-10 20:56:43,275 - DEBUG - send_request_body.complete
2026-09-10 20:56:43,275 - DEBUG - receive_response_headers.started request=<Request [b'HEAD']>
2026-09-10 20:56:43,325 - DEBUG - receive_response_headers.complete return_value=(b'HTTP/1.1', 200, b'OK', [(b'Content-Type', b'text/plain; charset=utf-8'), (b'Content-Length', b'325'), (b'Connection', b'keep-alive'), (b'Date', b'Mon, 07 Sep 2026 12:58:20 GMT'), (b'ETag', b'"273d24924a8bd10227b532d603484f165dcb0b5d"'), (b'X-Powered-By', b'huggingface-moon'), (b'X-Request-Id', b'Root=1-6a9eb4ec-1966f7d11c3bca4c38c5238d;0b9e8813-1192-48cf-80fd-e1b65cae8316'), (b'RateLimit', b'"resolvers";r=2994;t=10'), (b'RateLimit-Policy', b'"fixed window";"resolvers";q=3000;w=300'), (b'cross-origin-opener-policy', b'same-origin'), (b'Referrer-Policy', b'strict-origin-when-cross-origin'), (b'Access-Control-Max-Age', b'86400'), (b'Access-Control-Allow-Origin', b'https://huggingface.co'), (b'Access-Control-Expose-Headers', b'X-Repo-Commit,X-Request-Id,X-Error-Code,X-Error-Message,X-Total-Count,ETag,Link,Accept-Ranges,Content-Range,X-Linked-Size,X-Linked-ETag,X-Xet-Hash'), (b'X-Repo-Commit', b'f298e427f91f83596786fe6b5b774539b3c9b337'), (b'Accept-Ranges', b'bytes'), (b'X-Hub-Cache', b'MISS'), (b'Content-Disposition', b'inline; filename*=UTF-8\'\'preprocessor_config.json; filename="preprocessor_config.json";'), (b'Content-Security-Policy', b"default-src 'none'; sandbox"), (b'Vary', b'Origin'), (b'X-Cache', b'Hit from cloudfront'), (b'Via', b'1.1 f0b0b757bda5d486a2538debdf4d2396.cloudfront.net (CloudFront)'), (b'X-Amz-Cf-Pop', b'MAA51-P3'), (b'X-Amz-Cf-Id', b'9-zji8mAUQIeRruWvaA1I1frwom_vapNobOub-kihft62abIjhP7-A=='), (b'Age', b'268103'), (b'Strict-Transport-Security', b'max-age=31536000')])
2026-09-10 20:56:43,325 - INFO - HTTP Request: HEAD https://huggingface.co/api/resolve-cache/models/Abhiram4/PlantDiseaseDetectorVit2/f298e427f91f83596786fe6b5b774539b3c9b337/preprocessor_config.json?%2FAbhiram4%2FPlantDiseaseDetectorVit2%2Fresolve%2Fmain%2Fpreprocessor_config.json=&etag=%22273d24924a8bd10227b532d603484f165dcb0b5d%22 "HTTP/1.1 200 OK"
2026-09-10 20:56:43,326 - DEBUG - receive_response_body.started request=<Request [b'HEAD']>
2026-09-10 20:56:43,326 - DEBUG - receive_response_body.complete
2026-09-10 20:56:43,326 - DEBUG - response_closed.started
2026-09-10 20:56:43,326 - DEBUG - response_closed.complete
2026-09-10 20:56:43,328 - DEBUG - Attempting to acquire lock 2311734862992 on C:\Users\nutha\.cache\huggingface\hub\.locks\models--Abhiram4--PlantDiseaseDetectorVit2\273d24924a8bd10227b532d603484f165dcb0b5d.lock
2026-09-10 20:56:43,329 - DEBUG - Lock 2311734862992 acquired on C:\Users\nutha\.cache\huggingface\hub\.locks\models--Abhiram4--PlantDiseaseDetectorVit2\273d24924a8bd10227b532d603484f165dcb0b5d.lock
2026-09-10 20:56:43,330 - DEBUG - send_request_headers.started request=<Request [b'GET']>
2026-09-10 20:56:43,330 - DEBUG - send_request_headers.complete
2026-09-10 20:56:43,330 - DEBUG - send_request_body.started request=<Request [b'GET']>
2026-09-10 20:56:43,331 - DEBUG - send_request_body.complete
2026-09-10 20:56:43,331 - DEBUG - receive_response_headers.started request=<Request [b'GET']>
2026-09-10 20:56:43,667 - DEBUG - receive_response_headers.complete return_value=(b'HTTP/1.1', 200, b'OK', [(b'Content-Type', b'text/plain; charset=utf-8'), (b'Content-Length', b'325'), (b'Connection', b'keep-alive'), (b'Date', b'Thu, 10 Sep 2026 15:26:43 GMT'), (b'ETag', b'"273d24924a8bd10227b532d603484f165dcb0b5d"'), (b'X-Powered-By', b'huggingface-moon'), (b'X-Request-Id', b'Root=1-6aa2cc33-06b7a4ad425ad3d11b598d2c;7fbc0513-f9e7-4ede-b655-89ce4eb0f476'), (b'RateLimit', b'"resolvers";r=2995;t=141'), (b'RateLimit-Policy', b'"fixed window";"resolvers";q=3000;w=300'), (b'cross-origin-opener-policy', b'same-origin'), (b'Referrer-Policy', b'strict-origin-when-cross-origin'), (b'Access-Control-Max-Age', b'86400'), (b'Access-Control-Allow-Origin', b'https://huggingface.co'), (b'Access-Control-Expose-Headers', b'X-Repo-Commit,X-Request-Id,X-Error-Code,X-Error-Message,X-Total-Count,ETag,Link,Accept-Ranges,Content-Range,X-Linked-Size,X-Linked-ETag,X-Xet-Hash'), (b'X-Repo-Commit', b'f298e427f91f83596786fe6b5b774539b3c9b337'), (b'Accept-Ranges', b'bytes'), (b'Content-Disposition', b'inline; filename*=UTF-8\'\'preprocessor_config.json; filename="preprocessor_config.json";'), (b'Content-Security-Policy', b"default-src 'none'; sandbox"), (b'Vary', b'Origin'), (b'X-Cache', b'Miss from cloudfront'), (b'Via', b'1.1 f0b0b757bda5d486a2538debdf4d2396.cloudfront.net (CloudFront)'), (b'X-Amz-Cf-Pop', b'MAA51-P3'), (b'X-Amz-Cf-Id', b'd-CJ1DN8V9kc8SjQ_qM5-ea09O0tBNWYfxpZ9yOsuHlY_TcBswcoAQ=='), (b'Strict-Transport-Security', b'max-age=31536000')])
2026-09-10 20:56:43,667 - INFO - HTTP Request: GET https://huggingface.co/api/resolve-cache/models/Abhiram4/PlantDiseaseDetectorVit2/f298e427f91f83596786fe6b5b774539b3c9b337/preprocessor_config.json?%2FAbhiram4%2FPlantDiseaseDetectorVit2%2Fresolve%2Fmain%2Fpreprocessor_config.json=&etag=%22273d24924a8bd10227b532d603484f165dcb0b5d%22 "HTTP/1.1 200 OK"
2026-09-10 20:56:43,668 - DEBUG - receive_response_body.started request=<Request [b'GET']>
2026-09-10 20:56:43,668 - DEBUG - receive_response_body.complete
2026-09-10 20:56:43,668 - DEBUG - response_closed.started
2026-09-10 20:56:43,668 - DEBUG - response_closed.complete
2026-09-10 20:56:43,672 - DEBUG - Attempting to release lock 2311734862992 on C:\Users\nutha\.cache\huggingface\hub\.locks\models--Abhiram4--PlantDiseaseDetectorVit2\273d24924a8bd10227b532d603484f165dcb0b5d.lock
2026-09-10 20:56:43,673 - DEBUG - Lock 2311734862992 released on C:\Users\nutha\.cache\huggingface\hub\.locks\models--Abhiram4--PlantDiseaseDetectorVit2\273d24924a8bd10227b532d603484f165dcb0b5d.lock
2026-09-10 20:56:43,684 - DEBUG - send_request_headers.started request=<Request [b'HEAD']>
2026-09-10 20:56:43,685 - DEBUG - send_request_headers.complete
2026-09-10 20:56:43,685 - DEBUG - send_request_body.started request=<Request [b'HEAD']>
2026-09-10 20:56:43,685 - DEBUG - send_request_body.complete
2026-09-10 20:56:43,686 - DEBUG - receive_response_headers.started request=<Request [b'HEAD']>
2026-09-10 20:56:44,007 - DEBUG - receive_response_headers.complete return_value=(b'HTTP/1.1', 404, b'Not Found', [(b'Content-Type', b'text/plain; charset=utf-8'), (b'Content-Length', b'15'), (b'Connection', b'keep-alive'), (b'Date', b'Thu, 10 Sep 2026 15:26:44 GMT'), (b'ETag', b'W/"f-mY2VvLxuxB7KhsoOdQTlMTccuAQ"'), (b'X-Powered-By', b'huggingface-moon'), (b'X-Request-Id', b'Root=1-6aa2cc34-0beebbbd6ae9083b7ac678c0;6a450c0a-a6c3-4d77-9ae7-35fe1fdd837f'), (b'RateLimit', b'"resolvers";r=2994;t=140'), (b'RateLimit-Policy', b'"fixed window";"resolvers";q=3000;w=300'), (b'cross-origin-opener-policy', b'same-origin'), (b'Referrer-Policy', b'strict-origin-when-cross-origin'), (b'Access-Control-Max-Age', b'86400'), (b'Access-Control-Allow-Origin', b'https://huggingface.co'), (b'Vary', b'Origin'), (b'Access-Control-Expose-Headers', b'X-Repo-Commit,X-Request-Id,X-Error-Code,X-Error-Message,X-Total-Count,ETag,Link,Accept-Ranges,Content-Range,X-Linked-Size,X-Linked-ETag,X-Xet-Hash'), (b'X-Repo-Commit', b'f298e427f91f83596786fe6b5b774539b3c9b337'), (b'Accept-Ranges', b'bytes'), (b'X-HF-Warning', b'unauthenticated; Warning: You are sending unauthenticated requests to the HF Hub. Please set a HF_TOKEN to enable higher rate limits and faster downloads.'), (b'X-Hub-Cache', b'MISS'), (b'X-Error-Code', b'EntryNotFound'), (b'X-Error-Message', b'Entry not found'), (b'X-Cache', b'Error from cloudfront'), (b'Via', b'1.1 f0b0b757bda5d486a2538debdf4d2396.cloudfront.net (CloudFront)'), (b'X-Amz-Cf-Pop', b'MAA51-P3'), (b'X-Amz-Cf-Id', b'SVOg31zeRJNQ1cp_Bwt81FsnwoiSe24anafMoaMygipk1YGalEvI2Q=='), (b'Strict-Transport-Security', b'max-age=31536000')])
2026-09-10 20:56:44,007 - INFO - HTTP Request: HEAD https://huggingface.co/Abhiram4/PlantDiseaseDetectorVit2/resolve/main/processor_config.json "HTTP/1.1 404 Not Found"
2026-09-10 20:56:44,008 - DEBUG - receive_response_body.started request=<Request [b'HEAD']>
2026-09-10 20:56:44,008 - DEBUG - receive_response_body.complete
2026-09-10 20:56:44,008 - DEBUG - response_closed.started
2026-09-10 20:56:44,008 - DEBUG - response_closed.complete
2026-09-10 20:56:44,010 - DEBUG - send_request_headers.started request=<Request [b'HEAD']>
2026-09-10 20:56:44,010 - DEBUG - send_request_headers.complete
2026-09-10 20:56:44,011 - DEBUG - send_request_body.started request=<Request [b'HEAD']>
2026-09-10 20:56:44,011 - DEBUG - send_request_body.complete
2026-09-10 20:56:44,011 - DEBUG - receive_response_headers.started request=<Request [b'HEAD']>
2026-09-10 20:56:44,331 - DEBUG - receive_response_headers.complete return_value=(b'HTTP/1.1', 307, b'Temporary Redirect', [(b'Content-Type', b'text/plain; charset=utf-8'), (b'Content-Length', b'296'), (b'Connection', b'keep-alive'), (b'Date', b'Thu, 10 Sep 2026 15:26:44 GMT'), (b'Location', b'/api/resolve-cache/models/Abhiram4/PlantDiseaseDetectorVit2/f298e427f91f83596786fe6b5b774539b3c9b337/preprocessor_config.json?%2FAbhiram4%2FPlantDiseaseDetectorVit2%2Fresolve%2Fmain%2Fpreprocessor_config.json=&etag=%22273d24924a8bd10227b532d603484f165dcb0b5d%22'), (b'X-Powered-By', b'huggingface-moon'), (b'X-Request-Id', b'Root=1-6aa2cc34-418ca452500bf9ae0068c5f3;6f5a8881-6f03-4be9-bd6b-28e3bed47da2'), (b'RateLimit', b'"resolvers";r=2993;t=140'), (b'RateLimit-Policy', b'"fixed window";"resolvers";q=3000;w=300'), (b'cross-origin-opener-policy', b'same-origin'), (b'Referrer-Policy', b'strict-origin-when-cross-origin'), (b'Access-Control-Max-Age', b'86400'), (b'Access-Control-Allow-Origin', b'https://huggingface.co'), (b'Vary', b'Origin, Accept'), (b'Access-Control-Expose-Headers', b'X-Repo-Commit,X-Request-Id,X-Error-Code,X-Error-Message,X-Total-Count,ETag,Link,Accept-Ranges,Content-Range,X-Linked-Size,X-Linked-ETag,X-Xet-Hash'), (b'X-Repo-Commit', b'f298e427f91f83596786fe6b5b774539b3c9b337'), (b'Accept-Ranges', b'bytes'), (b'X-Hub-Cache', b'MISS'), (b'Content-Disposition', b'inline; filename*=UTF-8\'\'preprocessor_config.json; filename="preprocessor_config.json";'), (b'Content-Security-Policy', b"default-src 'none'; sandbox"), (b'X-Linked-ETag', b'"273d24924a8bd10227b532d603484f165dcb0b5d"'), (b'X-Cache', b'Miss from cloudfront'), (b'Via', b'1.1 f0b0b757bda5d486a2538debdf4d2396.cloudfront.net (CloudFront)'), (b'X-Amz-Cf-Pop', b'MAA51-P3'), (b'X-Amz-Cf-Id', b'lnHHWEHPuzuEOXzqxLGU0ZA-CzW-A_cuy8VXsPeWtb1OmnMQZ1lntA=='), (b'Strict-Transport-Security', b'max-age=31536000')])
2026-09-10 20:56:44,332 - INFO - HTTP Request: HEAD https://huggingface.co/Abhiram4/PlantDiseaseDetectorVit2/resolve/main/preprocessor_config.json "HTTP/1.1 307 Temporary Redirect"
2026-09-10 20:56:44,332 - DEBUG - receive_response_body.started request=<Request [b'HEAD']>
2026-09-10 20:56:44,332 - DEBUG - receive_response_body.complete
2026-09-10 20:56:44,333 - DEBUG - response_closed.started
2026-09-10 20:56:44,333 - DEBUG - response_closed.complete
2026-09-10 20:56:44,333 - DEBUG - send_request_headers.started request=<Request [b'HEAD']>
2026-09-10 20:56:44,334 - DEBUG - send_request_headers.complete
2026-09-10 20:56:44,334 - DEBUG - send_request_body.started request=<Request [b'HEAD']>
2026-09-10 20:56:44,334 - DEBUG - send_request_body.complete
2026-09-10 20:56:44,334 - DEBUG - receive_response_headers.started request=<Request [b'HEAD']>
2026-09-10 20:56:44,404 - DEBUG - receive_response_headers.complete return_value=(b'HTTP/1.1', 200, b'OK', [(b'Content-Type', b'text/plain; charset=utf-8'), (b'Content-Length', b'325'), (b'Connection', b'keep-alive'), (b'Date', b'Mon, 07 Sep 2026 12:58:20 GMT'), (b'ETag', b'"273d24924a8bd10227b532d603484f165dcb0b5d"'), (b'X-Powered-By', b'huggingface-moon'), (b'X-Request-Id', b'Root=1-6a9eb4ec-1966f7d11c3bca4c38c5238d;0b9e8813-1192-48cf-80fd-e1b65cae8316'), (b'RateLimit', b'"resolvers";r=2994;t=10'), (b'RateLimit-Policy', b'"fixed window";"resolvers";q=3000;w=300'), (b'cross-origin-opener-policy', b'same-origin'), (b'Referrer-Policy', b'strict-origin-when-cross-origin'), (b'Access-Control-Max-Age', b'86400'), (b'Access-Control-Allow-Origin', b'https://huggingface.co'), (b'Access-Control-Expose-Headers', b'X-Repo-Commit,X-Request-Id,X-Error-Code,X-Error-Message,X-Total-Count,ETag,Link,Accept-Ranges,Content-Range,X-Linked-Size,X-Linked-ETag,X-Xet-Hash'), (b'X-Repo-Commit', b'f298e427f91f83596786fe6b5b774539b3c9b337'), (b'Accept-Ranges', b'bytes'), (b'X-Hub-Cache', b'MISS'), (b'Content-Disposition', b'inline; filename*=UTF-8\'\'preprocessor_config.json; filename="preprocessor_config.json";'), (b'Content-Security-Policy', b"default-src 'none'; sandbox"), (b'Vary', b'Origin'), (b'X-Cache', b'Hit from cloudfront'), (b'Via', b'1.1 f0b0b757bda5d486a2538debdf4d2396.cloudfront.net (CloudFront)'), (b'X-Amz-Cf-Pop', b'MAA51-P3'), (b'X-Amz-Cf-Id', b'FxEFHb4NkJFxRh2lHGA_z2jllSEp83vZDGkOMKY-Q5Amhxw24SLIhg=='), (b'Age', b'268104'), (b'Strict-Transport-Security', b'max-age=31536000')])
2026-09-10 20:56:44,404 - INFO - HTTP Request: HEAD https://huggingface.co/api/resolve-cache/models/Abhiram4/PlantDiseaseDetectorVit2/f298e427f91f83596786fe6b5b774539b3c9b337/preprocessor_config.json?%2FAbhiram4%2FPlantDiseaseDetectorVit2%2Fresolve%2Fmain%2Fpreprocessor_config.json=&etag=%22273d24924a8bd10227b532d603484f165dcb0b5d%22 "HTTP/1.1 200 OK"
2026-09-10 20:56:44,404 - DEBUG - receive_response_body.started request=<Request [b'HEAD']>
2026-09-10 20:56:44,405 - DEBUG - receive_response_body.complete
2026-09-10 20:56:44,405 - DEBUG - response_closed.started
2026-09-10 20:56:44,405 - DEBUG - response_closed.complete
2026-09-10 20:56:44,408 - DEBUG - send_request_headers.started request=<Request [b'HEAD']>
2026-09-10 20:56:44,408 - DEBUG - send_request_headers.complete
2026-09-10 20:56:44,408 - DEBUG - send_request_body.started request=<Request [b'HEAD']>
2026-09-10 20:56:44,409 - DEBUG - send_request_body.complete
2026-09-10 20:56:44,409 - DEBUG - receive_response_headers.started request=<Request [b'HEAD']>
2026-09-10 20:56:44,723 - DEBUG - receive_response_headers.complete return_value=(b'HTTP/1.1', 404, b'Not Found', [(b'Content-Type', b'text/plain; charset=utf-8'), (b'Content-Length', b'15'), (b'Connection', b'keep-alive'), (b'Date', b'Thu, 10 Sep 2026 15:26:44 GMT'), (b'ETag', b'W/"f-mY2VvLxuxB7KhsoOdQTlMTccuAQ"'), (b'X-Powered-By', b'huggingface-moon'), (b'X-Request-Id', b'Root=1-6aa2cc34-60eec6ce0cc2fb562408390c;86416b2d-67d0-4961-90b7-b598c8892cff'), (b'RateLimit', b'"resolvers";r=2992;t=140'), (b'RateLimit-Policy', b'"fixed window";"resolvers";q=3000;w=300'), (b'cross-origin-opener-policy', b'same-origin'), (b'Referrer-Policy', b'strict-origin-when-cross-origin'), (b'Access-Control-Max-Age', b'86400'), (b'Access-Control-Allow-Origin', b'https://huggingface.co'), (b'Vary', b'Origin'), (b'Access-Control-Expose-Headers', b'X-Repo-Commit,X-Request-Id,X-Error-Code,X-Error-Message,X-Total-Count,ETag,Link,Accept-Ranges,Content-Range,X-Linked-Size,X-Linked-ETag,X-Xet-Hash'), (b'X-Repo-Commit', b'f298e427f91f83596786fe6b5b774539b3c9b337'), (b'Accept-Ranges', b'bytes'), (b'X-HF-Warning', b'unauthenticated; Warning: You are sending unauthenticated requests to the HF Hub. Please set a HF_TOKEN to enable higher rate limits and faster downloads.'), (b'X-Hub-Cache', b'MISS'), (b'X-Error-Code', b'EntryNotFound'), (b'X-Error-Message', b'Entry not found'), (b'X-Cache', b'Error from cloudfront'), (b'Via', b'1.1 f0b0b757bda5d486a2538debdf4d2396.cloudfront.net (CloudFront)'), (b'X-Amz-Cf-Pop', b'MAA51-P3'), (b'X-Amz-Cf-Id', b'U_aMQsLkmZ4QHdyjESrKEKKUKzQt7rMiAjn6zEeV7wP0V9HqCn-IKg=='), (b'Strict-Transport-Security', b'max-age=31536000')])
2026-09-10 20:56:44,724 - INFO - HTTP Request: HEAD https://huggingface.co/Abhiram4/PlantDiseaseDetectorVit2/resolve/main/processor_config.json "HTTP/1.1 404 Not Found"
2026-09-10 20:56:44,724 - DEBUG - receive_response_body.started request=<Request [b'HEAD']>
2026-09-10 20:56:44,724 - DEBUG - receive_response_body.complete
2026-09-10 20:56:44,724 - DEBUG - response_closed.started
2026-09-10 20:56:44,725 - DEBUG - response_closed.complete
2026-09-10 20:56:44,727 - DEBUG - send_request_headers.started request=<Request [b'HEAD']>
2026-09-10 20:56:44,727 - DEBUG - send_request_headers.complete
2026-09-10 20:56:44,727 - DEBUG - send_request_body.started request=<Request [b'HEAD']>
2026-09-10 20:56:44,728 - DEBUG - send_request_body.complete
2026-09-10 20:56:44,728 - DEBUG - receive_response_headers.started request=<Request [b'HEAD']>
2026-09-10 20:56:45,066 - DEBUG - receive_response_headers.complete return_value=(b'HTTP/1.1', 404, b'Not Found', [(b'Content-Type', b'text/plain; charset=utf-8'), (b'Content-Length', b'15'), (b'Connection', b'keep-alive'), (b'Date', b'Thu, 10 Sep 2026 15:26:45 GMT'), (b'ETag', b'W/"f-mY2VvLxuxB7KhsoOdQTlMTccuAQ"'), (b'X-Powered-By', b'huggingface-moon'), (b'X-Request-Id', b'Root=1-6aa2cc35-1873460b418eef1c3593fa9d;43d279ff-baf8-4ee3-af14-473ad2c63add'), (b'RateLimit', b'"resolvers";r=2991;t=139'), (b'RateLimit-Policy', b'"fixed window";"resolvers";q=3000;w=300'), (b'cross-origin-opener-policy', b'same-origin'), (b'Referrer-Policy', b'strict-origin-when-cross-origin'), (b'Access-Control-Max-Age', b'86400'), (b'Access-Control-Allow-Origin', b'https://huggingface.co'), (b'Vary', b'Origin'), (b'Access-Control-Expose-Headers', b'X-Repo-Commit,X-Request-Id,X-Error-Code,X-Error-Message,X-Total-Count,ETag,Link,Accept-Ranges,Content-Range,X-Linked-Size,X-Linked-ETag,X-Xet-Hash'), (b'X-Repo-Commit', b'f298e427f91f83596786fe6b5b774539b3c9b337'), (b'Accept-Ranges', b'bytes'), (b'X-Hub-Cache', b'MISS'), (b'X-Error-Code', b'EntryNotFound'), (b'X-Error-Message', b'Entry not found'), (b'X-Cache', b'Error from cloudfront'), (b'Via', b'1.1 f0b0b757bda5d486a2538debdf4d2396.cloudfront.net (CloudFront)'), (b'X-Amz-Cf-Pop', b'MAA51-P3'), (b'X-Amz-Cf-Id', b'82yoZUc63HgKhPpxoqHJDlIO1ediEzkFvIduta6_vP7fQ0v_vovn8Q=='), (b'Strict-Transport-Security', b'max-age=31536000')])
2026-09-10 20:56:45,066 - INFO - HTTP Request: HEAD https://huggingface.co/Abhiram4/PlantDiseaseDetectorVit2/resolve/main/video_preprocessor_config.json "HTTP/1.1 404 Not Found"
2026-09-10 20:56:45,067 - DEBUG - receive_response_body.started request=<Request [b'HEAD']>
2026-09-10 20:56:45,067 - DEBUG - receive_response_body.complete
2026-09-10 20:56:45,067 - DEBUG - response_closed.started
2026-09-10 20:56:45,067 - DEBUG - response_closed.complete
2026-09-10 20:56:45,069 - DEBUG - send_request_headers.started request=<Request [b'HEAD']>
2026-09-10 20:56:45,069 - DEBUG - send_request_headers.complete
2026-09-10 20:56:45,070 - DEBUG - send_request_body.started request=<Request [b'HEAD']>
2026-09-10 20:56:45,070 - DEBUG - send_request_body.complete
2026-09-10 20:56:45,070 - DEBUG - receive_response_headers.started request=<Request [b'HEAD']>
2026-09-10 20:56:45,432 - DEBUG - receive_response_headers.complete return_value=(b'HTTP/1.1', 307, b'Temporary Redirect', [(b'Content-Type', b'text/plain; charset=utf-8'), (b'Content-Length', b'296'), (b'Connection', b'keep-alive'), (b'Date', b'Thu, 10 Sep 2026 15:26:45 GMT'), (b'Location', b'/api/resolve-cache/models/Abhiram4/PlantDiseaseDetectorVit2/f298e427f91f83596786fe6b5b774539b3c9b337/preprocessor_config.json?%2FAbhiram4%2FPlantDiseaseDetectorVit2%2Fresolve%2Fmain%2Fpreprocessor_config.json=&etag=%22273d24924a8bd10227b532d603484f165dcb0b5d%22'), (b'X-Powered-By', b'huggingface-moon'), (b'X-Request-Id', b'Root=1-6aa2cc35-31460ef2337ec3c10ac2861b;fda910f3-8260-47a1-ae3a-12194eaac4f3'), (b'RateLimit', b'"resolvers";r=2990;t=139'), (b'RateLimit-Policy', b'"fixed window";"resolvers";q=3000;w=300'), (b'cross-origin-opener-policy', b'same-origin'), (b'Referrer-Policy', b'strict-origin-when-cross-origin'), (b'Access-Control-Max-Age', b'86400'), (b'Access-Control-Allow-Origin', b'https://huggingface.co'), (b'Vary', b'Origin, Accept'), (b'Access-Control-Expose-Headers', b'X-Repo-Commit,X-Request-Id,X-Error-Code,X-Error-Message,X-Total-Count,ETag,Link,Accept-Ranges,Content-Range,X-Linked-Size,X-Linked-ETag,X-Xet-Hash'), (b'X-Repo-Commit', b'f298e427f91f83596786fe6b5b774539b3c9b337'), (b'Accept-Ranges', b'bytes'), (b'X-HF-Warning', b'unauthenticated; Warning: You are sending unauthenticated requests to the HF Hub. Please set a HF_TOKEN to enable higher rate limits and faster downloads.'), (b'X-Hub-Cache', b'HIT'), (b'Content-Disposition', b'inline; filename*=UTF-8\'\'preprocessor_config.json; filename="preprocessor_config.json";'), (b'Content-Security-Policy', b"default-src 'none'; sandbox"), (b'X-Linked-ETag', b'"273d24924a8bd10227b532d603484f165dcb0b5d"'), (b'X-Cache', b'Miss from cloudfront'), (b'Via', b'1.1 f0b0b757bda5d486a2538debdf4d2396.cloudfront.net (CloudFront)'), (b'X-Amz-Cf-Pop', b'MAA51-P3'), (b'X-Amz-Cf-Id', b'jt-I5JJfJNrDP9-HH6uZyF1DkyEatW_qpeibpFWSKOYFIlzK4K1MRA=='), (b'Strict-Transport-Security', b'max-age=31536000')])
2026-09-10 20:56:45,433 - INFO - HTTP Request: HEAD https://huggingface.co/Abhiram4/PlantDiseaseDetectorVit2/resolve/main/preprocessor_config.json "HTTP/1.1 307 Temporary Redirect"
2026-09-10 20:56:45,433 - DEBUG - receive_response_body.started request=<Request [b'HEAD']>
2026-09-10 20:56:45,433 - DEBUG - receive_response_body.complete
2026-09-10 20:56:45,433 - DEBUG - response_closed.started
2026-09-10 20:56:45,434 - DEBUG - response_closed.complete
2026-09-10 20:56:45,434 - DEBUG - send_request_headers.started request=<Request [b'HEAD']>
2026-09-10 20:56:45,434 - DEBUG - send_request_headers.complete
2026-09-10 20:56:45,435 - DEBUG - send_request_body.started request=<Request [b'HEAD']>
2026-09-10 20:56:45,435 - DEBUG - send_request_body.complete
2026-09-10 20:56:45,435 - DEBUG - receive_response_headers.started request=<Request [b'HEAD']>
2026-09-10 20:56:45,489 - DEBUG - receive_response_headers.complete return_value=(b'HTTP/1.1', 200, b'OK', [(b'Content-Type', b'text/plain; charset=utf-8'), (b'Content-Length', b'325'), (b'Connection', b'keep-alive'), (b'Date', b'Mon, 07 Sep 2026 12:58:20 GMT'), (b'ETag', b'"273d24924a8bd10227b532d603484f165dcb0b5d"'), (b'X-Powered-By', b'huggingface-moon'), (b'X-Request-Id', b'Root=1-6a9eb4ec-1966f7d11c3bca4c38c5238d;0b9e8813-1192-48cf-80fd-e1b65cae8316'), (b'RateLimit', b'"resolvers";r=2994;t=10'), (b'RateLimit-Policy', b'"fixed window";"resolvers";q=3000;w=300'), (b'cross-origin-opener-policy', b'same-origin'), (b'Referrer-Policy', b'strict-origin-when-cross-origin'), (b'Access-Control-Max-Age', b'86400'), (b'Access-Control-Allow-Origin', b'https://huggingface.co'), (b'Access-Control-Expose-Headers', b'X-Repo-Commit,X-Request-Id,X-Error-Code,X-Error-Message,X-Total-Count,ETag,Link,Accept-Ranges,Content-Range,X-Linked-Size,X-Linked-ETag,X-Xet-Hash'), (b'X-Repo-Commit', b'f298e427f91f83596786fe6b5b774539b3c9b337'), (b'Accept-Ranges', b'bytes'), (b'X-Hub-Cache', b'MISS'), (b'Content-Disposition', b'inline; filename*=UTF-8\'\'preprocessor_config.json; filename="preprocessor_config.json";'), (b'Content-Security-Policy', b"default-src 'none'; sandbox"), (b'Vary', b'Origin'), (b'X-Cache', b'Hit from cloudfront'), (b'Via', b'1.1 f0b0b757bda5d486a2538debdf4d2396.cloudfront.net (CloudFront)'), (b'X-Amz-Cf-Pop', b'MAA51-P3'), (b'X-Amz-Cf-Id', b'1HAcBUu8mqN6hvkeFmlZM6XPBcAPybkd3FO8Pg8e6izv8H3Gigc9wg=='), (b'Age', b'268105'), (b'Strict-Transport-Security', b'max-age=31536000')])
2026-09-10 20:56:45,489 - INFO - HTTP Request: HEAD https://huggingface.co/api/resolve-cache/models/Abhiram4/PlantDiseaseDetectorVit2/f298e427f91f83596786fe6b5b774539b3c9b337/preprocessor_config.json?%2FAbhiram4%2FPlantDiseaseDetectorVit2%2Fresolve%2Fmain%2Fpreprocessor_config.json=&etag=%22273d24924a8bd10227b532d603484f165dcb0b5d%22 "HTTP/1.1 200 OK"
2026-09-10 20:56:45,490 - DEBUG - receive_response_body.started request=<Request [b'HEAD']>
2026-09-10 20:56:45,490 - DEBUG - receive_response_body.complete
2026-09-10 20:56:45,491 - DEBUG - response_closed.started
2026-09-10 20:56:45,491 - DEBUG - response_closed.complete
2026-09-10 20:56:45,527 - INFO - Image classification pipeline initialized.
2026-09-10 20:56:45,546 - DEBUG - close.started
2026-09-10 20:56:45,547 - DEBUG - close.complete
2026-09-10 20:57:02,865 - DEBUG - connect_tcp.started host='huggingface.co' port=443 local_address=None timeout=10 socket_options=None
2026-09-10 20:57:02,899 - DEBUG - connect_tcp.complete return_value=<httpcore._backends.sync.SyncStream object at 0x000002C129D127B0>
2026-09-10 20:57:02,900 - DEBUG - start_tls.started ssl_context=<ssl.SSLContext object at 0x000002C129BBAC30> server_hostname='huggingface.co' timeout=10
2026-09-10 20:57:02,985 - DEBUG - start_tls.complete return_value=<httpcore._backends.sync.SyncStream object at 0x000002C119FB4550>
2026-09-10 20:57:02,986 - DEBUG - send_request_headers.started request=<Request [b'HEAD']>
2026-09-10 20:57:02,986 - DEBUG - send_request_headers.complete
2026-09-10 20:57:02,987 - DEBUG - send_request_body.started request=<Request [b'HEAD']>
2026-09-10 20:57:02,987 - DEBUG - send_request_body.complete
2026-09-10 20:57:02,987 - DEBUG - receive_response_headers.started request=<Request [b'HEAD']>
2026-09-10 20:57:03,778 - DEBUG - receive_response_headers.complete return_value=(b'HTTP/1.1', 307, b'Temporary Redirect', [(b'Content-Type', b'text/plain; charset=utf-8'), (b'Content-Length', b'270'), (b'Connection', b'keep-alive'), (b'Date', b'Thu, 10 Sep 2026 15:27:03 GMT'), (b'Location', b'/api/resolve-cache/models/Abhiram4/PlantDiseaseDetectorVit2/f298e427f91f83596786fe6b5b774539b3c9b337/config.json?%2FAbhiram4%2FPlantDiseaseDetectorVit2%2Fresolve%2Fmain%2Fconfig.json=&etag=%22440f449cd30b16d8d1017d656ada205a41c390f7%22'), (b'X-Powered-By', b'huggingface-moon'), (b'X-Request-Id', b'Root=1-6aa2cc47-0230db5c4459ec180038ea0a;0b36cd81-84c6-4856-af0b-318e8921385c'), (b'RateLimit', b'"resolvers";r=2989;t=121'), (b'RateLimit-Policy', b'"fixed window";"resolvers";q=3000;w=300'), (b'cross-origin-opener-policy', b'same-origin'), (b'Referrer-Policy', b'strict-origin-when-cross-origin'), (b'Access-Control-Max-Age', b'86400'), (b'Access-Control-Allow-Origin', b'https://huggingface.co'), (b'Vary', b'Origin, Accept'), (b'Access-Control-Expose-Headers', b'X-Repo-Commit,X-Request-Id,X-Error-Code,X-Error-Message,X-Total-Count,ETag,Link,Accept-Ranges,Content-Range,X-Linked-Size,X-Linked-ETag,X-Xet-Hash'), (b'X-Repo-Commit', b'f298e427f91f83596786fe6b5b774539b3c9b337'), (b'Accept-Ranges', b'bytes'), (b'X-HF-Warning', b'unauthenticated; Warning: You are sending unauthenticated requests to the HF Hub. Please set a HF_TOKEN to enable higher rate limits and faster downloads.'), (b'X-Hub-Cache', b'MISS'), (b'Content-Disposition', b'inline; filename*=UTF-8\'\'config.json; filename="config.json";'), (b'Content-Security-Policy', b"default-src 'none'; sandbox"), (b'X-Linked-ETag', b'"440f449cd30b16d8d1017d656ada205a41c390f7"'), (b'X-Cache', b'Miss from cloudfront'), (b'Via', b'1.1 dd93e58995887f8fc614ed6eba0e575e.cloudfront.net (CloudFront)'), (b'X-Amz-Cf-Pop', b'MAA51-P3'), (b'X-Amz-Cf-Id', b'jJihLp0d1Gpj4sp1dozyJKyTsPJrrsTBTBUS1B6Nbr2Bnk3Fj6k1CA=='), (b'Strict-Transport-Security', b'max-age=31536000')])
2026-09-10 20:57:03,780 - INFO - HTTP Request: HEAD https://huggingface.co/Abhiram4/PlantDiseaseDetectorVit2/resolve/main/config.json "HTTP/1.1 307 Temporary Redirect"
2026-09-10 20:57:03,781 - DEBUG - receive_response_body.started request=<Request [b'HEAD']>
2026-09-10 20:57:03,782 - DEBUG - receive_response_body.complete
2026-09-10 20:57:03,782 - DEBUG - response_closed.started
2026-09-10 20:57:03,783 - DEBUG - response_closed.complete
2026-09-10 20:57:03,783 - WARNING - Warning: You are sending unauthenticated requests to the HF Hub. Please set a HF_TOKEN to enable higher rate limits and faster downloads.
2026-09-10 20:57:03,785 - DEBUG - send_request_headers.started request=<Request [b'HEAD']>
2026-09-10 20:57:03,785 - DEBUG - send_request_headers.complete
2026-09-10 20:57:03,786 - DEBUG - send_request_body.started request=<Request [b'HEAD']>
2026-09-10 20:57:03,786 - DEBUG - send_request_body.complete
2026-09-10 20:57:03,786 - DEBUG - receive_response_headers.started request=<Request [b'HEAD']>
2026-09-10 20:57:03,871 - DEBUG - receive_response_headers.complete return_value=(b'HTTP/1.1', 200, b'OK', [(b'Content-Type', b'text/plain; charset=utf-8'), (b'Content-Length', b'3787'), (b'Connection', b'keep-alive'), (b'Date', b'Sun, 06 Sep 2026 19:27:11 GMT'), (b'ETag', b'"440f449cd30b16d8d1017d656ada205a41c390f7"'), (b'X-Powered-By', b'huggingface-moon'), (b'X-Request-Id', b'Root=1-6a9dbe8f-152f305141d152936f972005'), (b'RateLimit', b'"resolvers";r=2898;t=229'), (b'RateLimit-Policy', b'"fixed window";"resolvers";q=3000;w=300'), (b'cross-origin-opener-policy', b'same-origin'), (b'Referrer-Policy', b'strict-origin-when-cross-origin'), (b'Access-Control-Max-Age', b'86400'), (b'Access-Control-Allow-Origin', b'https://huggingface.co'), (b'Access-Control-Expose-Headers', b'X-Repo-Commit,X-Request-Id,X-Error-Code,X-Error-Message,X-Total-Count,ETag,Link,Accept-Ranges,Content-Range,X-Linked-Size,X-Linked-ETag,X-Xet-Hash'), (b'X-Repo-Commit', b'f298e427f91f83596786fe6b5b774539b3c9b337'), (b'Accept-Ranges', b'bytes'), (b'Content-Disposition', b'inline; filename*=UTF-8\'\'config.json; filename="config.json";'), (b'Content-Security-Policy', b"default-src 'none'; sandbox"), (b'Vary', b'Origin'), (b'X-Cache', b'Hit from cloudfront'), (b'Via', b'1.1 dd93e58995887f8fc614ed6eba0e575e.cloudfront.net (CloudFront)'), (b'X-Amz-Cf-Pop', b'MAA51-P3'), (b'X-Amz-Cf-Id', b'kkQucQlI_YRFhlCSRZ6VZupSK8syt-e_Is1CzhZxqYXwTRiP2E9JIw=='), (b'Age', b'331193'), (b'Strict-Transport-Security', b'max-age=31536000')])
2026-09-10 20:57:03,873 - INFO - HTTP Request: HEAD https://huggingface.co/api/resolve-cache/models/Abhiram4/PlantDiseaseDetectorVit2/f298e427f91f83596786fe6b5b774539b3c9b337/config.json?%2FAbhiram4%2FPlantDiseaseDetectorVit2%2Fresolve%2Fmain%2Fconfig.json=&etag=%22440f449cd30b16d8d1017d656ada205a41c390f7%22 "HTTP/1.1 200 OK"
2026-09-10 20:57:03,873 - DEBUG - receive_response_body.started request=<Request [b'HEAD']>
2026-09-10 20:57:03,874 - DEBUG - receive_response_body.complete
2026-09-10 20:57:03,874 - DEBUG - response_closed.started
2026-09-10 20:57:03,874 - DEBUG - response_closed.complete
2026-09-10 20:57:04,301 - DEBUG - send_request_headers.started request=<Request [b'HEAD']>
2026-09-10 20:57:04,302 - DEBUG - send_request_headers.complete
2026-09-10 20:57:04,302 - DEBUG - send_request_body.started request=<Request [b'HEAD']>
2026-09-10 20:57:04,303 - DEBUG - send_request_body.complete
2026-09-10 20:57:04,303 - DEBUG - receive_response_headers.started request=<Request [b'HEAD']>
2026-09-10 20:57:04,692 - DEBUG - receive_response_headers.complete return_value=(b'HTTP/1.1', 404, b'Not Found', [(b'Content-Type', b'text/plain; charset=utf-8'), (b'Content-Length', b'15'), (b'Connection', b'keep-alive'), (b'Date', b'Thu, 10 Sep 2026 15:27:04 GMT'), (b'ETag', b'W/"f-mY2VvLxuxB7KhsoOdQTlMTccuAQ"'), (b'X-Powered-By', b'huggingface-moon'), (b'X-Request-Id', b'Root=1-6aa2cc48-28bc86363592550a3bf7b545;c599d866-f1aa-462e-93f2-4e402ac422e1'), (b'RateLimit', b'"resolvers";r=2988;t=120'), (b'RateLimit-Policy', b'"fixed window";"resolvers";q=3000;w=300'), (b'cross-origin-opener-policy', b'same-origin'), (b'Referrer-Policy', b'strict-origin-when-cross-origin'), (b'Access-Control-Max-Age', b'86400'), (b'Access-Control-Allow-Origin', b'https://huggingface.co'), (b'Vary', b'Origin'), (b'Access-Control-Expose-Headers', b'X-Repo-Commit,X-Request-Id,X-Error-Code,X-Error-Message,X-Total-Count,ETag,Link,Accept-Ranges,Content-Range,X-Linked-Size,X-Linked-ETag,X-Xet-Hash'), (b'X-Repo-Commit', b'f298e427f91f83596786fe6b5b774539b3c9b337'), (b'Accept-Ranges', b'bytes'), (b'X-HF-Warning', b'unauthenticated; Warning: You are sending unauthenticated requests to the HF Hub. Please set a HF_TOKEN to enable higher rate limits and faster downloads.'), (b'X-Hub-Cache', b'MISS'), (b'X-Error-Code', b'EntryNotFound'), (b'X-Error-Message', b'Entry not found'), (b'X-Cache', b'Error from cloudfront'), (b'Via', b'1.1 dd93e58995887f8fc614ed6eba0e575e.cloudfront.net (CloudFront)'), (b'X-Amz-Cf-Pop', b'MAA51-P3'), (b'X-Amz-Cf-Id', b'skeVzJ7mmYOPKSEzUA5OJyBX0mvHiQR68J3SC2v84aN-bWZamW1eag=='), (b'Strict-Transport-Security', b'max-age=31536000')])
2026-09-10 20:57:04,693 - INFO - HTTP Request: HEAD https://huggingface.co/Abhiram4/PlantDiseaseDetectorVit2/resolve/main/processor_config.json "HTTP/1.1 404 Not Found"
2026-09-10 20:57:04,693 - DEBUG - receive_response_body.started request=<Request [b'HEAD']>
2026-09-10 20:57:04,693 - DEBUG - receive_response_body.complete
2026-09-10 20:57:04,693 - DEBUG - response_closed.started
2026-09-10 20:57:04,694 - DEBUG - response_closed.complete
2026-09-10 20:57:04,696 - DEBUG - send_request_headers.started request=<Request [b'HEAD']>
2026-09-10 20:57:04,696 - DEBUG - send_request_headers.complete
2026-09-10 20:57:04,697 - DEBUG - send_request_body.started request=<Request [b'HEAD']>
2026-09-10 20:57:04,697 - DEBUG - send_request_body.complete
2026-09-10 20:57:04,697 - DEBUG - receive_response_headers.started request=<Request [b'HEAD']>
2026-09-10 20:57:05,251 - DEBUG - receive_response_headers.complete return_value=(b'HTTP/1.1', 307, b'Temporary Redirect', [(b'Content-Type', b'text/plain; charset=utf-8'), (b'Content-Length', b'296'), (b'Connection', b'keep-alive'), (b'Date', b'Thu, 10 Sep 2026 15:27:05 GMT'), (b'Location', b'/api/resolve-cache/models/Abhiram4/PlantDiseaseDetectorVit2/f298e427f91f83596786fe6b5b774539b3c9b337/preprocessor_config.json?%2FAbhiram4%2FPlantDiseaseDetectorVit2%2Fresolve%2Fmain%2Fpreprocessor_config.json=&etag=%22273d24924a8bd10227b532d603484f165dcb0b5d%22'), (b'X-Powered-By', b'huggingface-moon'), (b'X-Request-Id', b'Root=1-6aa2cc49-50ce6fa01c43b843480f785a;47041601-174b-4a2d-9442-58a7cad823ab'), (b'RateLimit', b'"resolvers";r=2987;t=119'), (b'RateLimit-Policy', b'"fixed window";"resolvers";q=3000;w=300'), (b'cross-origin-opener-policy', b'same-origin'), (b'Referrer-Policy', b'strict-origin-when-cross-origin'), (b'Access-Control-Max-Age', b'86400'), (b'Access-Control-Allow-Origin', b'https://huggingface.co'), (b'Vary', b'Origin, Accept'), (b'Access-Control-Expose-Headers', b'X-Repo-Commit,X-Request-Id,X-Error-Code,X-Error-Message,X-Total-Count,ETag,Link,Accept-Ranges,Content-Range,X-Linked-Size,X-Linked-ETag,X-Xet-Hash'), (b'X-Repo-Commit', b'f298e427f91f83596786fe6b5b774539b3c9b337'), (b'Accept-Ranges', b'bytes'), (b'X-Hub-Cache', b'MISS'), (b'Content-Disposition', b'inline; filename*=UTF-8\'\'preprocessor_config.json; filename="preprocessor_config.json";'), (b'Content-Security-Policy', b"default-src 'none'; sandbox"), (b'X-Linked-ETag', b'"273d24924a8bd10227b532d603484f165dcb0b5d"'), (b'X-Cache', b'Miss from cloudfront'), (b'Via', b'1.1 dd93e58995887f8fc614ed6eba0e575e.cloudfront.net (CloudFront)'), (b'X-Amz-Cf-Pop', b'MAA51-P3'), (b'X-Amz-Cf-Id', b'AHr3wThGxoGigafZTSilZghxqXOXf72-Zi8TabpumLbmetoEUwDfJQ=='), (b'Strict-Transport-Security', b'max-age=31536000')])
2026-09-10 20:57:05,252 - INFO - HTTP Request: HEAD https://huggingface.co/Abhiram4/PlantDiseaseDetectorVit2/resolve/main/preprocessor_config.json "HTTP/1.1 307 Temporary Redirect"
2026-09-10 20:57:05,252 - DEBUG - receive_response_body.started request=<Request [b'HEAD']>
2026-09-10 20:57:05,252 - DEBUG - receive_response_body.complete
2026-09-10 20:57:05,253 - DEBUG - response_closed.started
2026-09-10 20:57:05,253 - DEBUG - response_closed.complete
2026-09-10 20:57:05,253 - DEBUG - send_request_headers.started request=<Request [b'HEAD']>
2026-09-10 20:57:05,253 - DEBUG - send_request_headers.complete
2026-09-10 20:57:05,254 - DEBUG - send_request_body.started request=<Request [b'HEAD']>
2026-09-10 20:57:05,254 - DEBUG - send_request_body.complete
2026-09-10 20:57:05,254 - DEBUG - receive_response_headers.started request=<Request [b'HEAD']>
2026-09-10 20:57:05,314 - DEBUG - receive_response_headers.complete return_value=(b'HTTP/1.1', 200, b'OK', [(b'Content-Type', b'text/plain; charset=utf-8'), (b'Content-Length', b'325'), (b'Connection', b'keep-alive'), (b'Date', b'Mon, 07 Sep 2026 12:58:20 GMT'), (b'ETag', b'"273d24924a8bd10227b532d603484f165dcb0b5d"'), (b'X-Powered-By', b'huggingface-moon'), (b'X-Request-Id', b'Root=1-6a9eb4ec-1966f7d11c3bca4c38c5238d;0b9e8813-1192-48cf-80fd-e1b65cae8316'), (b'RateLimit', b'"resolvers";r=2994;t=10'), (b'RateLimit-Policy', b'"fixed window";"resolvers";q=3000;w=300'), (b'cross-origin-opener-policy', b'same-origin'), (b'Referrer-Policy', b'strict-origin-when-cross-origin'), (b'Access-Control-Max-Age', b'86400'), (b'Access-Control-Allow-Origin', b'https://huggingface.co'), (b'Access-Control-Expose-Headers', b'X-Repo-Commit,X-Request-Id,X-Error-Code,X-Error-Message,X-Total-Count,ETag,Link,Accept-Ranges,Content-Range,X-Linked-Size,X-Linked-ETag,X-Xet-Hash'), (b'X-Repo-Commit', b'f298e427f91f83596786fe6b5b774539b3c9b337'), (b'Accept-Ranges', b'bytes'), (b'X-Hub-Cache', b'MISS'), (b'Content-Disposition', b'inline; filename*=UTF-8\'\'preprocessor_config.json; filename="preprocessor_config.json";'), (b'Content-Security-Policy', b"default-src 'none'; sandbox"), (b'Vary', b'Origin'), (b'X-Cache', b'Hit from cloudfront'), (b'Via', b'1.1 dd93e58995887f8fc614ed6eba0e575e.cloudfront.net (CloudFront)'), (b'X-Amz-Cf-Pop', b'MAA51-P3'), (b'X-Amz-Cf-Id', b'thbC2zAy0i0UqsigPwInyWk2GLaoindPN9m2xKXc2gCL1oIr3sh7gg=='), (b'Age', b'268125'), (b'Strict-Transport-Security', b'max-age=31536000')])
2026-09-10 20:57:05,314 - INFO - HTTP Request: HEAD https://huggingface.co/api/resolve-cache/models/Abhiram4/PlantDiseaseDetectorVit2/f298e427f91f83596786fe6b5b774539b3c9b337/preprocessor_config.json?%2FAbhiram4%2FPlantDiseaseDetectorVit2%2Fresolve%2Fmain%2Fpreprocessor_config.json=&etag=%22273d24924a8bd10227b532d603484f165dcb0b5d%22 "HTTP/1.1 200 OK"
2026-09-10 20:57:05,315 - DEBUG - receive_response_body.started request=<Request [b'HEAD']>
2026-09-10 20:57:05,315 - DEBUG - receive_response_body.complete
2026-09-10 20:57:05,315 - DEBUG - response_closed.started
2026-09-10 20:57:05,315 - DEBUG - response_closed.complete
2026-09-10 20:57:05,319 - DEBUG - send_request_headers.started request=<Request [b'HEAD']>
2026-09-10 20:57:05,319 - DEBUG - send_request_headers.complete
2026-09-10 20:57:05,319 - DEBUG - send_request_body.started request=<Request [b'HEAD']>
2026-09-10 20:57:05,320 - DEBUG - send_request_body.complete
2026-09-10 20:57:05,320 - DEBUG - receive_response_headers.started request=<Request [b'HEAD']>
2026-09-10 20:57:05,613 - DEBUG - receive_response_headers.complete return_value=(b'HTTP/1.1', 404, b'Not Found', [(b'Content-Type', b'text/plain; charset=utf-8'), (b'Content-Length', b'15'), (b'Connection', b'keep-alive'), (b'Date', b'Thu, 10 Sep 2026 15:27:05 GMT'), (b'ETag', b'W/"f-mY2VvLxuxB7KhsoOdQTlMTccuAQ"'), (b'X-Powered-By', b'huggingface-moon'), (b'X-Request-Id', b'Root=1-6aa2cc49-5d5f46e536710542332e5158;43ff8d52-1b48-4c49-8283-8ff5deee6c76'), (b'RateLimit', b'"resolvers";r=2986;t=119'), (b'RateLimit-Policy', b'"fixed window";"resolvers";q=3000;w=300'), (b'cross-origin-opener-policy', b'same-origin'), (b'Referrer-Policy', b'strict-origin-when-cross-origin'), (b'Access-Control-Max-Age', b'86400'), (b'Access-Control-Allow-Origin', b'https://huggingface.co'), (b'Vary', b'Origin'), (b'Access-Control-Expose-Headers', b'X-Repo-Commit,X-Request-Id,X-Error-Code,X-Error-Message,X-Total-Count,ETag,Link,Accept-Ranges,Content-Range,X-Linked-Size,X-Linked-ETag,X-Xet-Hash'), (b'X-Repo-Commit', b'f298e427f91f83596786fe6b5b774539b3c9b337'), (b'Accept-Ranges', b'bytes'), (b'X-Hub-Cache', b'MISS'), (b'X-Error-Code', b'EntryNotFound'), (b'X-Error-Message', b'Entry not found'), (b'X-Cache', b'Error from cloudfront'), (b'Via', b'1.1 dd93e58995887f8fc614ed6eba0e575e.cloudfront.net (CloudFront)'), (b'X-Amz-Cf-Pop', b'MAA51-P3'), (b'X-Amz-Cf-Id', b'0Bgtf_WZgpSDX5WMPYSSZoM9Hyoix3vOTKhSlPBqyH2qvgoBtke0yg=='), (b'Strict-Transport-Security', b'max-age=31536000')])
2026-09-10 20:57:05,614 - INFO - HTTP Request: HEAD https://huggingface.co/Abhiram4/PlantDiseaseDetectorVit2/resolve/main/processor_config.json "HTTP/1.1 404 Not Found"
2026-09-10 20:57:05,614 - DEBUG - receive_response_body.started request=<Request [b'HEAD']>
2026-09-10 20:57:05,614 - DEBUG - receive_response_body.complete
2026-09-10 20:57:05,615 - DEBUG - response_closed.started
2026-09-10 20:57:05,615 - DEBUG - response_closed.complete
2026-09-10 20:57:05,617 - DEBUG - send_request_headers.started request=<Request [b'HEAD']>
2026-09-10 20:57:05,618 - DEBUG - send_request_headers.complete
2026-09-10 20:57:05,618 - DEBUG - send_request_body.started request=<Request [b'HEAD']>
2026-09-10 20:57:05,618 - DEBUG - send_request_body.complete
2026-09-10 20:57:05,618 - DEBUG - receive_response_headers.started request=<Request [b'HEAD']>
2026-09-10 20:57:06,028 - DEBUG - receive_response_headers.complete return_value=(b'HTTP/1.1', 307, b'Temporary Redirect', [(b'Content-Type', b'text/plain; charset=utf-8'), (b'Content-Length', b'296'), (b'Connection', b'keep-alive'), (b'Date', b'Thu, 10 Sep 2026 15:27:06 GMT'), (b'Location', b'/api/resolve-cache/models/Abhiram4/PlantDiseaseDetectorVit2/f298e427f91f83596786fe6b5b774539b3c9b337/preprocessor_config.json?%2FAbhiram4%2FPlantDiseaseDetectorVit2%2Fresolve%2Fmain%2Fpreprocessor_config.json=&etag=%22273d24924a8bd10227b532d603484f165dcb0b5d%22'), (b'X-Powered-By', b'huggingface-moon'), (b'X-Request-Id', b'Root=1-6aa2cc49-0e0e39c56c7ec76719b808da;d0334dac-adea-4445-900a-773a7c293ab4'), (b'RateLimit', b'"resolvers";r=2985;t=119'), (b'RateLimit-Policy', b'"fixed window";"resolvers";q=3000;w=300'), (b'cross-origin-opener-policy', b'same-origin'), (b'Referrer-Policy', b'strict-origin-when-cross-origin'), (b'Access-Control-Max-Age', b'86400'), (b'Access-Control-Allow-Origin', b'https://huggingface.co'), (b'Vary', b'Origin, Accept'), (b'Access-Control-Expose-Headers', b'X-Repo-Commit,X-Request-Id,X-Error-Code,X-Error-Message,X-Total-Count,ETag,Link,Accept-Ranges,Content-Range,X-Linked-Size,X-Linked-ETag,X-Xet-Hash'), (b'X-Repo-Commit', b'f298e427f91f83596786fe6b5b774539b3c9b337'), (b'Accept-Ranges', b'bytes'), (b'X-HF-Warning', b'unauthenticated; Warning: You are sending unauthenticated requests to the HF Hub. Please set a HF_TOKEN to enable higher rate limits and faster downloads.'), (b'X-Hub-Cache', b'MISS'), (b'Content-Disposition', b'inline; filename*=UTF-8\'\'preprocessor_config.json; filename="preprocessor_config.json";'), (b'Content-Security-Policy', b"default-src 'none'; sandbox"), (b'X-Linked-ETag', b'"273d24924a8bd10227b532d603484f165dcb0b5d"'), (b'X-Cache', b'Miss from cloudfront'), (b'Via', b'1.1 dd93e58995887f8fc614ed6eba0e575e.cloudfront.net (CloudFront)'), (b'X-Amz-Cf-Pop', b'MAA51-P3'), (b'X-Amz-Cf-Id', b'k5orEXUlhkk-4p7setN2MOflpShJ37vqOwA3mj6MNxHfZxfq3ZKQBg=='), (b'Strict-Transport-Security', b'max-age=31536000')])
2026-09-10 20:57:06,029 - INFO - HTTP Request: HEAD https://huggingface.co/Abhiram4/PlantDiseaseDetectorVit2/resolve/main/preprocessor_config.json "HTTP/1.1 307 Temporary Redirect"
2026-09-10 20:57:06,030 - DEBUG - receive_response_body.started request=<Request [b'HEAD']>
2026-09-10 20:57:06,030 - DEBUG - receive_response_body.complete
2026-09-10 20:57:06,030 - DEBUG - response_closed.started
2026-09-10 20:57:06,031 - DEBUG - response_closed.complete
2026-09-10 20:57:06,031 - DEBUG - send_request_headers.started request=<Request [b'HEAD']>
2026-09-10 20:57:06,032 - DEBUG - send_request_headers.complete
2026-09-10 20:57:06,032 - DEBUG - send_request_body.started request=<Request [b'HEAD']>
2026-09-10 20:57:06,032 - DEBUG - send_request_body.complete
2026-09-10 20:57:06,032 - DEBUG - receive_response_headers.started request=<Request [b'HEAD']>
2026-09-10 20:57:06,125 - DEBUG - receive_response_headers.complete return_value=(b'HTTP/1.1', 200, b'OK', [(b'Content-Type', b'text/plain; charset=utf-8'), (b'Content-Length', b'325'), (b'Connection', b'keep-alive'), (b'Date', b'Mon, 07 Sep 2026 12:58:20 GMT'), (b'ETag', b'"273d24924a8bd10227b532d603484f165dcb0b5d"'), (b'X-Powered-By', b'huggingface-moon'), (b'X-Request-Id', b'Root=1-6a9eb4ec-1966f7d11c3bca4c38c5238d;0b9e8813-1192-48cf-80fd-e1b65cae8316'), (b'RateLimit', b'"resolvers";r=2994;t=10'), (b'RateLimit-Policy', b'"fixed window";"resolvers";q=3000;w=300'), (b'cross-origin-opener-policy', b'same-origin'), (b'Referrer-Policy', b'strict-origin-when-cross-origin'), (b'Access-Control-Max-Age', b'86400'), (b'Access-Control-Allow-Origin', b'https://huggingface.co'), (b'Access-Control-Expose-Headers', b'X-Repo-Commit,X-Request-Id,X-Error-Code,X-Error-Message,X-Total-Count,ETag,Link,Accept-Ranges,Content-Range,X-Linked-Size,X-Linked-ETag,X-Xet-Hash'), (b'X-Repo-Commit', b'f298e427f91f83596786fe6b5b774539b3c9b337'), (b'Accept-Ranges', b'bytes'), (b'X-Hub-Cache', b'MISS'), (b'Content-Disposition', b'inline; filename*=UTF-8\'\'preprocessor_config.json; filename="preprocessor_config.json";'), (b'Content-Security-Policy', b"default-src 'none'; sandbox"), (b'Vary', b'Origin'), (b'X-Cache', b'Hit from cloudfront'), (b'Via', b'1.1 dd93e58995887f8fc614ed6eba0e575e.cloudfront.net (CloudFront)'), (b'X-Amz-Cf-Pop', b'MAA51-P3'), (b'X-Amz-Cf-Id', b'pcd7qKaDVNQHs5xBX6x67E6SAoXdSGHUAIznmCUlRBh0f1hz10m3UA=='), (b'Age', b'268126'), (b'Strict-Transport-Security', b'max-age=31536000')])
2026-09-10 20:57:06,126 - INFO - HTTP Request: HEAD https://huggingface.co/api/resolve-cache/models/Abhiram4/PlantDiseaseDetectorVit2/f298e427f91f83596786fe6b5b774539b3c9b337/preprocessor_config.json?%2FAbhiram4%2FPlantDiseaseDetectorVit2%2Fresolve%2Fmain%2Fpreprocessor_config.json=&etag=%22273d24924a8bd10227b532d603484f165dcb0b5d%22 "HTTP/1.1 200 OK"
2026-09-10 20:57:06,126 - DEBUG - receive_response_body.started request=<Request [b'HEAD']>
2026-09-10 20:57:06,126 - DEBUG - receive_response_body.complete
2026-09-10 20:57:06,126 - DEBUG - response_closed.started
2026-09-10 20:57:06,127 - DEBUG - response_closed.complete
2026-09-10 20:57:06,129 - DEBUG - send_request_headers.started request=<Request [b'HEAD']>
2026-09-10 20:57:06,129 - DEBUG - send_request_headers.complete
2026-09-10 20:57:06,129 - DEBUG - send_request_body.started request=<Request [b'HEAD']>
2026-09-10 20:57:06,130 - DEBUG - send_request_body.complete
2026-09-10 20:57:06,130 - DEBUG - receive_response_headers.started request=<Request [b'HEAD']>
2026-09-10 20:57:06,421 - DEBUG - receive_response_headers.complete return_value=(b'HTTP/1.1', 404, b'Not Found', [(b'Content-Type', b'text/plain; charset=utf-8'), (b'Content-Length', b'15'), (b'Connection', b'keep-alive'), (b'Date', b'Thu, 10 Sep 2026 15:27:06 GMT'), (b'ETag', b'W/"f-mY2VvLxuxB7KhsoOdQTlMTccuAQ"'), (b'X-Powered-By', b'huggingface-moon'), (b'X-Request-Id', b'Root=1-6aa2cc4a-04f470237e78f5622a482184;5ff4bdd5-1964-4117-8676-c1166ce87c1c'), (b'RateLimit', b'"resolvers";r=2984;t=118'), (b'RateLimit-Policy', b'"fixed window";"resolvers";q=3000;w=300'), (b'cross-origin-opener-policy', b'same-origin'), (b'Referrer-Policy', b'strict-origin-when-cross-origin'), (b'Access-Control-Max-Age', b'86400'), (b'Access-Control-Allow-Origin', b'https://huggingface.co'), (b'Vary', b'Origin'), (b'Access-Control-Expose-Headers', b'X-Repo-Commit,X-Request-Id,X-Error-Code,X-Error-Message,X-Total-Count,ETag,Link,Accept-Ranges,Content-Range,X-Linked-Size,X-Linked-ETag,X-Xet-Hash'), (b'X-Repo-Commit', b'f298e427f91f83596786fe6b5b774539b3c9b337'), (b'Accept-Ranges', b'bytes'), (b'X-HF-Warning', b'unauthenticated; Warning: You are sending unauthenticated requests to the HF Hub. Please set a HF_TOKEN to enable higher rate limits and faster downloads.'), (b'X-Hub-Cache', b'MISS'), (b'X-Error-Code', b'EntryNotFound'), (b'X-Error-Message', b'Entry not found'), (b'X-Cache', b'Error from cloudfront'), (b'Via', b'1.1 dd93e58995887f8fc614ed6eba0e575e.cloudfront.net (CloudFront)'), (b'X-Amz-Cf-Pop', b'MAA51-P3'), (b'X-Amz-Cf-Id', b'WL8u-VLb3tcogEwouG_AG_9kXHaXhfuvbq1FIOUsd0KTEOmvizagmA=='), (b'Strict-Transport-Security', b'max-age=31536000')])
2026-09-10 20:57:06,421 - INFO - HTTP Request: HEAD https://huggingface.co/Abhiram4/PlantDiseaseDetectorVit2/resolve/main/processor_config.json "HTTP/1.1 404 Not Found"
2026-09-10 20:57:06,422 - DEBUG - receive_response_body.started request=<Request [b'HEAD']>
2026-09-10 20:57:06,422 - DEBUG - receive_response_body.complete
2026-09-10 20:57:06,422 - DEBUG - response_closed.started
2026-09-10 20:57:06,422 - DEBUG - response_closed.complete
2026-09-10 20:57:06,424 - DEBUG - send_request_headers.started request=<Request [b'HEAD']>
2026-09-10 20:57:06,425 - DEBUG - send_request_headers.complete
2026-09-10 20:57:06,425 - DEBUG - send_request_body.started request=<Request [b'HEAD']>
2026-09-10 20:57:06,425 - DEBUG - send_request_body.complete
2026-09-10 20:57:06,426 - DEBUG - receive_response_headers.started request=<Request [b'HEAD']>
2026-09-10 20:57:06,744 - DEBUG - receive_response_headers.complete return_value=(b'HTTP/1.1', 404, b'Not Found', [(b'Content-Type', b'text/plain; charset=utf-8'), (b'Content-Length', b'15'), (b'Connection', b'keep-alive'), (b'Date', b'Thu, 10 Sep 2026 15:27:06 GMT'), (b'ETag', b'W/"f-mY2VvLxuxB7KhsoOdQTlMTccuAQ"'), (b'X-Powered-By', b'huggingface-moon'), (b'X-Request-Id', b'Root=1-6aa2cc4a-6b42c39b4dab1afd1a299e6c;22292c56-2411-43c8-98b7-0b375f307e97'), (b'RateLimit', b'"resolvers";r=2983;t=118'), (b'RateLimit-Policy', b'"fixed window";"resolvers";q=3000;w=300'), (b'cross-origin-opener-policy', b'same-origin'), (b'Referrer-Policy', b'strict-origin-when-cross-origin'), (b'Access-Control-Max-Age', b'86400'), (b'Access-Control-Allow-Origin', b'https://huggingface.co'), (b'Vary', b'Origin'), (b'Access-Control-Expose-Headers', b'X-Repo-Commit,X-Request-Id,X-Error-Code,X-Error-Message,X-Total-Count,ETag,Link,Accept-Ranges,Content-Range,X-Linked-Size,X-Linked-ETag,X-Xet-Hash'), (b'X-Repo-Commit', b'f298e427f91f83596786fe6b5b774539b3c9b337'), (b'Accept-Ranges', b'bytes'), (b'X-HF-Warning', b'unauthenticated; Warning: You are sending unauthenticated requests to the HF Hub. Please set a HF_TOKEN to enable higher rate limits and faster downloads.'), (b'X-Hub-Cache', b'MISS'), (b'X-Error-Code', b'EntryNotFound'), (b'X-Error-Message', b'Entry not found'), (b'X-Cache', b'Error from cloudfront'), (b'Via', b'1.1 dd93e58995887f8fc614ed6eba0e575e.cloudfront.net (CloudFront)'), (b'X-Amz-Cf-Pop', b'MAA51-P3'), (b'X-Amz-Cf-Id', b'6VJ90egTIDFd0nILJw-Em7ir8TdMHkPPrFVivlUSoK29ecxCeHrWvw=='), (b'Strict-Transport-Security', b'max-age=31536000')])
2026-09-10 20:57:06,745 - INFO - HTTP Request: HEAD https://huggingface.co/Abhiram4/PlantDiseaseDetectorVit2/resolve/main/video_preprocessor_config.json "HTTP/1.1 404 Not Found"
2026-09-10 20:57:06,745 - DEBUG - receive_response_body.started request=<Request [b'HEAD']>
2026-09-10 20:57:06,745 - DEBUG - receive_response_body.complete
2026-09-10 20:57:06,745 - DEBUG - response_closed.started
2026-09-10 20:57:06,745 - DEBUG - response_closed.complete
2026-09-10 20:57:06,747 - DEBUG - send_request_headers.started request=<Request [b'HEAD']>
2026-09-10 20:57:06,747 - DEBUG - send_request_headers.complete
2026-09-10 20:57:06,748 - DEBUG - send_request_body.started request=<Request [b'HEAD']>
2026-09-10 20:57:06,748 - DEBUG - send_request_body.complete
2026-09-10 20:57:06,748 - DEBUG - receive_response_headers.started request=<Request [b'HEAD']>
2026-09-10 20:57:07,049 - DEBUG - receive_response_headers.complete return_value=(b'HTTP/1.1', 307, b'Temporary Redirect', [(b'Content-Type', b'text/plain; charset=utf-8'), (b'Content-Length', b'296'), (b'Connection', b'keep-alive'), (b'Date', b'Thu, 10 Sep 2026 15:27:07 GMT'), (b'Location', b'/api/resolve-cache/models/Abhiram4/PlantDiseaseDetectorVit2/f298e427f91f83596786fe6b5b774539b3c9b337/preprocessor_config.json?%2FAbhiram4%2FPlantDiseaseDetectorVit2%2Fresolve%2Fmain%2Fpreprocessor_config.json=&etag=%22273d24924a8bd10227b532d603484f165dcb0b5d%22'), (b'X-Powered-By', b'huggingface-moon'), (b'X-Request-Id', b'Root=1-6aa2cc4b-0fc321ce0ddf378f181c1abc;7e084da6-cbfa-40a2-8005-db944874cc3c'), (b'RateLimit', b'"resolvers";r=2982;t=117'), (b'RateLimit-Policy', b'"fixed window";"resolvers";q=3000;w=300'), (b'cross-origin-opener-policy', b'same-origin'), (b'Referrer-Policy', b'strict-origin-when-cross-origin'), (b'Access-Control-Max-Age', b'86400'), (b'Access-Control-Allow-Origin', b'https://huggingface.co'), (b'Vary', b'Origin, Accept'), (b'Access-Control-Expose-Headers', b'X-Repo-Commit,X-Request-Id,X-Error-Code,X-Error-Message,X-Total-Count,ETag,Link,Accept-Ranges,Content-Range,X-Linked-Size,X-Linked-ETag,X-Xet-Hash'), (b'X-Repo-Commit', b'f298e427f91f83596786fe6b5b774539b3c9b337'), (b'Accept-Ranges', b'bytes'), (b'X-HF-Warning', b'unauthenticated; Warning: You are sending unauthenticated requests to the HF Hub. Please set a HF_TOKEN to enable higher rate limits and faster downloads.'), (b'X-Hub-Cache', b'MISS'), (b'Content-Disposition', b'inline; filename*=UTF-8\'\'preprocessor_config.json; filename="preprocessor_config.json";'), (b'Content-Security-Policy', b"default-src 'none'; sandbox"), (b'X-Linked-ETag', b'"273d24924a8bd10227b532d603484f165dcb0b5d"'), (b'X-Cache', b'Miss from cloudfront'), (b'Via', b'1.1 dd93e58995887f8fc614ed6eba0e575e.cloudfront.net (CloudFront)'), (b'X-Amz-Cf-Pop', b'MAA51-P3'), (b'X-Amz-Cf-Id', b'iCjI9tH7jqB6-Eq2eF9pwexjCWCV0Z6c8UnwY_aAdUwXmFPJ9AS7FA=='), (b'Strict-Transport-Security', b'max-age=31536000')])
2026-09-10 20:57:07,050 - INFO - HTTP Request: HEAD https://huggingface.co/Abhiram4/PlantDiseaseDetectorVit2/resolve/main/preprocessor_config.json "HTTP/1.1 307 Temporary Redirect"
2026-09-10 20:57:07,051 - DEBUG - receive_response_body.started request=<Request [b'HEAD']>
2026-09-10 20:57:07,051 - DEBUG - receive_response_body.complete
2026-09-10 20:57:07,051 - DEBUG - response_closed.started
2026-09-10 20:57:07,052 - DEBUG - response_closed.complete
2026-09-10 20:57:07,053 - DEBUG - send_request_headers.started request=<Request [b'HEAD']>
2026-09-10 20:57:07,054 - DEBUG - send_request_headers.complete
2026-09-10 20:57:07,054 - DEBUG - send_request_body.started request=<Request [b'HEAD']>
2026-09-10 20:57:07,054 - DEBUG - send_request_body.complete
2026-09-10 20:57:07,055 - DEBUG - receive_response_headers.started request=<Request [b'HEAD']>
2026-09-10 20:57:07,144 - DEBUG - receive_response_headers.complete return_value=(b'HTTP/1.1', 200, b'OK', [(b'Content-Type', b'text/plain; charset=utf-8'), (b'Content-Length', b'325'), (b'Connection', b'keep-alive'), (b'Date', b'Mon, 07 Sep 2026 12:58:20 GMT'), (b'ETag', b'"273d24924a8bd10227b532d603484f165dcb0b5d"'), (b'X-Powered-By', b'huggingface-moon'), (b'X-Request-Id', b'Root=1-6a9eb4ec-1966f7d11c3bca4c38c5238d;0b9e8813-1192-48cf-80fd-e1b65cae8316'), (b'RateLimit', b'"resolvers";r=2994;t=10'), (b'RateLimit-Policy', b'"fixed window";"resolvers";q=3000;w=300'), (b'cross-origin-opener-policy', b'same-origin'), (b'Referrer-Policy', b'strict-origin-when-cross-origin'), (b'Access-Control-Max-Age', b'86400'), (b'Access-Control-Allow-Origin', b'https://huggingface.co'), (b'Access-Control-Expose-Headers', b'X-Repo-Commit,X-Request-Id,X-Error-Code,X-Error-Message,X-Total-Count,ETag,Link,Accept-Ranges,Content-Range,X-Linked-Size,X-Linked-ETag,X-Xet-Hash'), (b'X-Repo-Commit', b'f298e427f91f83596786fe6b5b774539b3c9b337'), (b'Accept-Ranges', b'bytes'), (b'X-Hub-Cache', b'MISS'), (b'Content-Disposition', b'inline; filename*=UTF-8\'\'preprocessor_config.json; filename="preprocessor_config.json";'), (b'Content-Security-Policy', b"default-src 'none'; sandbox"), (b'Vary', b'Origin'), (b'X-Cache', b'Hit from cloudfront'), (b'Via', b'1.1 dd93e58995887f8fc614ed6eba0e575e.cloudfront.net (CloudFront)'), (b'X-Amz-Cf-Pop', b'MAA51-P3'), (b'X-Amz-Cf-Id', b'nkswMi1-zqvrON0_uCkIeWhkoAk-1ss2EzeOn_w2hCeComk0fh0IRw=='), (b'Age', b'268127'), (b'Strict-Transport-Security', b'max-age=31536000')])
2026-09-10 20:57:07,145 - INFO - HTTP Request: HEAD https://huggingface.co/api/resolve-cache/models/Abhiram4/PlantDiseaseDetectorVit2/f298e427f91f83596786fe6b5b774539b3c9b337/preprocessor_config.json?%2FAbhiram4%2FPlantDiseaseDetectorVit2%2Fresolve%2Fmain%2Fpreprocessor_config.json=&etag=%22273d24924a8bd10227b532d603484f165dcb0b5d%22 "HTTP/1.1 200 OK"
2026-09-10 20:57:07,145 - DEBUG - receive_response_body.started request=<Request [b'HEAD']>
2026-09-10 20:57:07,145 - DEBUG - receive_response_body.complete
2026-09-10 20:57:07,145 - DEBUG - response_closed.started
2026-09-10 20:57:07,145 - DEBUG - response_closed.complete
2026-09-10 20:57:07,149 - INFO - Image classification pipeline initialized.
2026-09-10 20:57:07,150 - INFO - Disease descriptions loaded from JSON.
2026-09-10 20:57:07,450 - INFO - [31m[1mWARNING: This is a development server. Do not use it in a production deployment. Use a production WSGI server instead.[0m
 * Running on http://127.0.0.1:5000
2026-09-10 20:57:07,451 - INFO - [33mPress CTRL+C to quit[0m
2026-09-10 20:57:07,468 - INFO -  * Restarting with stat
2026-09-10 20:57:12,415 - DEBUG - connect_tcp.started host='huggingface.co' port=443 local_address=None timeout=10 socket_options=None
2026-09-10 20:57:12,520 - DEBUG - connect_tcp.complete return_value=<httpcore._backends.sync.SyncStream object at 0x0000018C818C27B0>
2026-09-10 20:57:12,520 - DEBUG - start_tls.started ssl_context=<ssl.SSLContext object at 0x0000018CFFF66C30> server_hostname='huggingface.co' timeout=10
2026-09-10 20:57:12,601 - DEBUG - start_tls.complete return_value=<httpcore._backends.sync.SyncStream object at 0x0000018CF1AF4550>
2026-09-10 20:57:12,602 - DEBUG - send_request_headers.started request=<Request [b'HEAD']>
2026-09-10 20:57:12,603 - DEBUG - send_request_headers.complete
2026-09-10 20:57:12,603 - DEBUG - send_request_body.started request=<Request [b'HEAD']>
2026-09-10 20:57:12,603 - DEBUG - send_request_body.complete
2026-09-10 20:57:12,604 - DEBUG - receive_response_headers.started request=<Request [b'HEAD']>
2026-09-10 20:57:12,903 - DEBUG - receive_response_headers.complete return_value=(b'HTTP/1.1', 307, b'Temporary Redirect', [(b'Content-Type', b'text/plain; charset=utf-8'), (b'Content-Length', b'270'), (b'Connection', b'keep-alive'), (b'Date', b'Thu, 10 Sep 2026 15:27:12 GMT'), (b'Location', b'/api/resolve-cache/models/Abhiram4/PlantDiseaseDetectorVit2/f298e427f91f83596786fe6b5b774539b3c9b337/config.json?%2FAbhiram4%2FPlantDiseaseDetectorVit2%2Fresolve%2Fmain%2Fconfig.json=&etag=%22440f449cd30b16d8d1017d656ada205a41c390f7%22'), (b'X-Powered-By', b'huggingface-moon'), (b'X-Request-Id', b'Root=1-6aa2cc50-01088df270b9c28b4e899315;aca7a587-ae29-41b2-9ba8-58112d368311'), (b'RateLimit', b'"resolvers";r=2981;t=112'), (b'RateLimit-Policy', b'"fixed window";"resolvers";q=3000;w=300'), (b'cross-origin-opener-policy', b'same-origin'), (b'Referrer-Policy', b'strict-origin-when-cross-origin'), (b'Access-Control-Max-Age', b'86400'), (b'Access-Control-Allow-Origin', b'https://huggingface.co'), (b'Vary', b'Origin, Accept'), (b'Access-Control-Expose-Headers', b'X-Repo-Commit,X-Request-Id,X-Error-Code,X-Error-Message,X-Total-Count,ETag,Link,Accept-Ranges,Content-Range,X-Linked-Size,X-Linked-ETag,X-Xet-Hash'), (b'X-Repo-Commit', b'f298e427f91f83596786fe6b5b774539b3c9b337'), (b'Accept-Ranges', b'bytes'), (b'X-HF-Warning', b'unauthenticated; Warning: You are sending unauthenticated requests to the HF Hub. Please set a HF_TOKEN to enable higher rate limits and faster downloads.'), (b'X-Hub-Cache', b'MISS'), (b'Content-Disposition', b'inline; filename*=UTF-8\'\'config.json; filename="config.json";'), (b'Content-Security-Policy', b"default-src 'none'; sandbox"), (b'X-Linked-ETag', b'"440f449cd30b16d8d1017d656ada205a41c390f7"'), (b'X-Cache', b'Miss from cloudfront'), (b'Via', b'1.1 457b36267487e906b58f06d150a4aa82.cloudfront.net (CloudFront)'), (b'X-Amz-Cf-Pop', b'MAA51-P3'), (b'X-Amz-Cf-Id', b'JUbeEhV-j_yZVKVTLKD0hFanAkOrl8SAq4oxxmFJpzYeZ2F2quBWcg=='), (b'Strict-Transport-Security', b'max-age=31536000')])
2026-09-10 20:57:12,904 - INFO - HTTP Request: HEAD https://huggingface.co/Abhiram4/PlantDiseaseDetectorVit2/resolve/main/config.json "HTTP/1.1 307 Temporary Redirect"
2026-09-10 20:57:12,906 - DEBUG - receive_response_body.started request=<Request [b'HEAD']>
2026-09-10 20:57:12,906 - DEBUG - receive_response_body.complete
2026-09-10 20:57:12,906 - DEBUG - response_closed.started
2026-09-10 20:57:12,906 - DEBUG - response_closed.complete
2026-09-10 20:57:12,907 - WARNING - Warning: You are sending unauthenticated requests to the HF Hub. Please set a HF_TOKEN to enable higher rate limits and faster downloads.
2026-09-10 20:57:12,908 - DEBUG - send_request_headers.started request=<Request [b'HEAD']>
2026-09-10 20:57:12,908 - DEBUG - send_request_headers.complete
2026-09-10 20:57:12,908 - DEBUG - send_request_body.started request=<Request [b'HEAD']>
2026-09-10 20:57:12,908 - DEBUG - send_request_body.complete
2026-09-10 20:57:12,909 - DEBUG - receive_response_headers.started request=<Request [b'HEAD']>
2026-09-10 20:57:12,986 - DEBUG - receive_response_headers.complete return_value=(b'HTTP/1.1', 200, b'OK', [(b'Content-Type', b'text/plain; charset=utf-8'), (b'Content-Length', b'3787'), (b'Connection', b'keep-alive'), (b'Date', b'Sun, 06 Sep 2026 19:27:11 GMT'), (b'ETag', b'"440f449cd30b16d8d1017d656ada205a41c390f7"'), (b'X-Powered-By', b'huggingface-moon'), (b'X-Request-Id', b'Root=1-6a9dbe8f-152f305141d152936f972005'), (b'RateLimit', b'"resolvers";r=2898;t=229'), (b'RateLimit-Policy', b'"fixed window";"resolvers";q=3000;w=300'), (b'cross-origin-opener-policy', b'same-origin'), (b'Referrer-Policy', b'strict-origin-when-cross-origin'), (b'Access-Control-Max-Age', b'86400'), (b'Access-Control-Allow-Origin', b'https://huggingface.co'), (b'Access-Control-Expose-Headers', b'X-Repo-Commit,X-Request-Id,X-Error-Code,X-Error-Message,X-Total-Count,ETag,Link,Accept-Ranges,Content-Range,X-Linked-Size,X-Linked-ETag,X-Xet-Hash'), (b'X-Repo-Commit', b'f298e427f91f83596786fe6b5b774539b3c9b337'), (b'Accept-Ranges', b'bytes'), (b'Content-Disposition', b'inline; filename*=UTF-8\'\'config.json; filename="config.json";'), (b'Content-Security-Policy', b"default-src 'none'; sandbox"), (b'Vary', b'Origin'), (b'X-Cache', b'Hit from cloudfront'), (b'Via', b'1.1 457b36267487e906b58f06d150a4aa82.cloudfront.net (CloudFront)'), (b'X-Amz-Cf-Pop', b'MAA51-P3'), (b'X-Amz-Cf-Id', b'wK_Qk2tqNGuWkns7u7Lgn2bFHdnQbAGFPq3flZdDTXV2TtNPTIgd8w=='), (b'Age', b'331202'), (b'Strict-Transport-Security', b'max-age=31536000')])
2026-09-10 20:57:12,987 - INFO - HTTP Request: HEAD https://huggingface.co/api/resolve-cache/models/Abhiram4/PlantDiseaseDetectorVit2/f298e427f91f83596786fe6b5b774539b3c9b337/config.json?%2FAbhiram4%2FPlantDiseaseDetectorVit2%2Fresolve%2Fmain%2Fconfig.json=&etag=%22440f449cd30b16d8d1017d656ada205a41c390f7%22 "HTTP/1.1 200 OK"
2026-09-10 20:57:12,987 - DEBUG - receive_response_body.started request=<Request [b'HEAD']>
2026-09-10 20:57:12,988 - DEBUG - receive_response_body.complete
2026-09-10 20:57:12,988 - DEBUG - response_closed.started
2026-09-10 20:57:12,988 - DEBUG - response_closed.complete
2026-09-10 20:57:13,446 - DEBUG - send_request_headers.started request=<Request [b'HEAD']>
2026-09-10 20:57:13,446 - DEBUG - send_request_headers.complete
2026-09-10 20:57:13,446 - DEBUG - send_request_body.started request=<Request [b'HEAD']>
2026-09-10 20:57:13,446 - DEBUG - send_request_body.complete
2026-09-10 20:57:13,447 - DEBUG - receive_response_headers.started request=<Request [b'HEAD']>
2026-09-10 20:57:13,805 - DEBUG - receive_response_headers.complete return_value=(b'HTTP/1.1', 404, b'Not Found', [(b'Content-Type', b'text/plain; charset=utf-8'), (b'Content-Length', b'15'), (b'Connection', b'keep-alive'), (b'Date', b'Thu, 10 Sep 2026 15:27:13 GMT'), (b'ETag', b'W/"f-mY2VvLxuxB7KhsoOdQTlMTccuAQ"'), (b'X-Powered-By', b'huggingface-moon'), (b'X-Request-Id', b'Root=1-6aa2cc51-49a2bcac58887d5a5cd2272c;9b818c5a-4f9a-43c0-95dd-cfaacfac2d19'), (b'RateLimit', b'"resolvers";r=2980;t=111'), (b'RateLimit-Policy', b'"fixed window";"resolvers";q=3000;w=300'), (b'cross-origin-opener-policy', b'same-origin'), (b'Referrer-Policy', b'strict-origin-when-cross-origin'), (b'Access-Control-Max-Age', b'86400'), (b'Access-Control-Allow-Origin', b'https://huggingface.co'), (b'Vary', b'Origin'), (b'Access-Control-Expose-Headers', b'X-Repo-Commit,X-Request-Id,X-Error-Code,X-Error-Message,X-Total-Count,ETag,Link,Accept-Ranges,Content-Range,X-Linked-Size,X-Linked-ETag,X-Xet-Hash'), (b'X-Repo-Commit', b'f298e427f91f83596786fe6b5b774539b3c9b337'), (b'Accept-Ranges', b'bytes'), (b'X-HF-Warning', b'unauthenticated; Warning: You are sending unauthenticated requests to the HF Hub. Please set a HF_TOKEN to enable higher rate limits and faster downloads.'), (b'X-Hub-Cache', b'MISS'), (b'X-Error-Code', b'EntryNotFound'), (b'X-Error-Message', b'Entry not found'), (b'X-Cache', b'Error from cloudfront'), (b'Via', b'1.1 457b36267487e906b58f06d150a4aa82.cloudfront.net (CloudFront)'), (b'X-Amz-Cf-Pop', b'MAA51-P3'), (b'X-Amz-Cf-Id', b'_k12stAR-9f9J07wvqtolRBZV69UcFXguSUjietWmxNMptm5H-oPPQ=='), (b'Strict-Transport-Security', b'max-age=31536000')])
2026-09-10 20:57:13,806 - INFO - HTTP Request: HEAD https://huggingface.co/Abhiram4/PlantDiseaseDetectorVit2/resolve/main/processor_config.json "HTTP/1.1 404 Not Found"
2026-09-10 20:57:13,806 - DEBUG - receive_response_body.started request=<Request [b'HEAD']>
2026-09-10 20:57:13,807 - DEBUG - receive_response_body.complete
2026-09-10 20:57:13,807 - DEBUG - response_closed.started
2026-09-10 20:57:13,807 - DEBUG - response_closed.complete
2026-09-10 20:57:13,809 - DEBUG - send_request_headers.started request=<Request [b'HEAD']>
2026-09-10 20:57:13,810 - DEBUG - send_request_headers.complete
2026-09-10 20:57:13,810 - DEBUG - send_request_body.started request=<Request [b'HEAD']>
2026-09-10 20:57:13,810 - DEBUG - send_request_body.complete
2026-09-10 20:57:13,810 - DEBUG - receive_response_headers.started request=<Request [b'HEAD']>
2026-09-10 20:57:14,095 - DEBUG - receive_response_headers.complete return_value=(b'HTTP/1.1', 307, b'Temporary Redirect', [(b'Content-Type', b'text/plain; charset=utf-8'), (b'Content-Length', b'296'), (b'Connection', b'keep-alive'), (b'Date', b'Thu, 10 Sep 2026 15:27:14 GMT'), (b'Location', b'/api/resolve-cache/models/Abhiram4/PlantDiseaseDetectorVit2/f298e427f91f83596786fe6b5b774539b3c9b337/preprocessor_config.json?%2FAbhiram4%2FPlantDiseaseDetectorVit2%2Fresolve%2Fmain%2Fpreprocessor_config.json=&etag=%22273d24924a8bd10227b532d603484f165dcb0b5d%22'), (b'X-Powered-By', b'huggingface-moon'), (b'X-Request-Id', b'Root=1-6aa2cc52-6f291be247e04d8531b8ae91;a946f969-33f7-4c3f-97c9-aa5278a8ef24'), (b'RateLimit', b'"resolvers";r=2979;t=110'), (b'RateLimit-Policy', b'"fixed window";"resolvers";q=3000;w=300'), (b'cross-origin-opener-policy', b'same-origin'), (b'Referrer-Policy', b'strict-origin-when-cross-origin'), (b'Access-Control-Max-Age', b'86400'), (b'Access-Control-Allow-Origin', b'https://huggingface.co'), (b'Vary', b'Origin, Accept'), (b'Access-Control-Expose-Headers', b'X-Repo-Commit,X-Request-Id,X-Error-Code,X-Error-Message,X-Total-Count,ETag,Link,Accept-Ranges,Content-Range,X-Linked-Size,X-Linked-ETag,X-Xet-Hash'), (b'X-Repo-Commit', b'f298e427f91f83596786fe6b5b774539b3c9b337'), (b'Accept-Ranges', b'bytes'), (b'X-HF-Warning', b'unauthenticated; Warning: You are sending unauthenticated requests to the HF Hub. Please set a HF_TOKEN to enable higher rate limits and faster downloads.'), (b'X-Hub-Cache', b'MISS'), (b'Content-Disposition', b'inline; filename*=UTF-8\'\'preprocessor_config.json; filename="preprocessor_config.json";'), (b'Content-Security-Policy', b"default-src 'none'; sandbox"), (b'X-Linked-ETag', b'"273d24924a8bd10227b532d603484f165dcb0b5d"'), (b'X-Cache', b'Miss from cloudfront'), (b'Via', b'1.1 457b36267487e906b58f06d150a4aa82.cloudfront.net (CloudFront)'), (b'X-Amz-Cf-Pop', b'MAA51-P3'), (b'X-Amz-Cf-Id', b'gLx7bma88rWV-Bv_j6RaPwxwrIWR0264nzKvs7TeAhoG1RmUMrqRPw=='), (b'Strict-Transport-Security', b'max-age=31536000')])
2026-09-10 20:57:14,096 - INFO - HTTP Request: HEAD https://huggingface.co/Abhiram4/PlantDiseaseDetectorVit2/resolve/main/preprocessor_config.json "HTTP/1.1 307 Temporary Redirect"
2026-09-10 20:57:14,097 - DEBUG - receive_response_body.started request=<Request [b'HEAD']>
2026-09-10 20:57:14,097 - DEBUG - receive_response_body.complete
2026-09-10 20:57:14,097 - DEBUG - response_closed.started
2026-09-10 20:57:14,098 - DEBUG - response_closed.complete
2026-09-10 20:57:14,099 - DEBUG - send_request_headers.started request=<Request [b'HEAD']>
2026-09-10 20:57:14,099 - DEBUG - send_request_headers.complete
2026-09-10 20:57:14,100 - DEBUG - send_request_body.started request=<Request [b'HEAD']>
2026-09-10 20:57:14,100 - DEBUG - send_request_body.complete
2026-09-10 20:57:14,100 - DEBUG - receive_response_headers.started request=<Request [b'HEAD']>
2026-09-10 20:57:14,191 - DEBUG - receive_response_headers.complete return_value=(b'HTTP/1.1', 200, b'OK', [(b'Content-Type', b'text/plain; charset=utf-8'), (b'Content-Length', b'325'), (b'Connection', b'keep-alive'), (b'Date', b'Mon, 07 Sep 2026 12:58:20 GMT'), (b'ETag', b'"273d24924a8bd10227b532d603484f165dcb0b5d"'), (b'X-Powered-By', b'huggingface-moon'), (b'X-Request-Id', b'Root=1-6a9eb4ec-1966f7d11c3bca4c38c5238d;0b9e8813-1192-48cf-80fd-e1b65cae8316'), (b'RateLimit', b'"resolvers";r=2994;t=10'), (b'RateLimit-Policy', b'"fixed window";"resolvers";q=3000;w=300'), (b'cross-origin-opener-policy', b'same-origin'), (b'Referrer-Policy', b'strict-origin-when-cross-origin'), (b'Access-Control-Max-Age', b'86400'), (b'Access-Control-Allow-Origin', b'https://huggingface.co'), (b'Access-Control-Expose-Headers', b'X-Repo-Commit,X-Request-Id,X-Error-Code,X-Error-Message,X-Total-Count,ETag,Link,Accept-Ranges,Content-Range,X-Linked-Size,X-Linked-ETag,X-Xet-Hash'), (b'X-Repo-Commit', b'f298e427f91f83596786fe6b5b774539b3c9b337'), (b'Accept-Ranges', b'bytes'), (b'X-Hub-Cache', b'MISS'), (b'Content-Disposition', b'inline; filename*=UTF-8\'\'preprocessor_config.json; filename="preprocessor_config.json";'), (b'Content-Security-Policy', b"default-src 'none'; sandbox"), (b'Vary', b'Origin'), (b'X-Cache', b'Hit from cloudfront'), (b'Via', b'1.1 457b36267487e906b58f06d150a4aa82.cloudfront.net (CloudFront)'), (b'X-Amz-Cf-Pop', b'MAA51-P3'), (b'X-Amz-Cf-Id', b'tDdl9UCWq2Br6eKj1esMRYsKPBdt7GcyjO6TPTyBl2LaQ1-Y7GxpGg=='), (b'Age', b'268134'), (b'Strict-Transport-Security', b'max-age=31536000')])
2026-09-10 20:57:14,192 - INFO - HTTP Request: HEAD https://huggingface.co/api/resolve-cache/models/Abhiram4/PlantDiseaseDetectorVit2/f298e427f91f83596786fe6b5b774539b3c9b337/preprocessor_config.json?%2FAbhiram4%2FPlantDiseaseDetectorVit2%2Fresolve%2Fmain%2Fpreprocessor_config.json=&etag=%22273d24924a8bd10227b532d603484f165dcb0b5d%22 "HTTP/1.1 200 OK"
2026-09-10 20:57:14,193 - DEBUG - receive_response_body.started request=<Request [b'HEAD']>
2026-09-10 20:57:14,194 - DEBUG - receive_response_body.complete
2026-09-10 20:57:14,194 - DEBUG - response_closed.started
2026-09-10 20:57:14,194 - DEBUG - response_closed.complete
2026-09-10 20:57:14,200 - DEBUG - send_request_headers.started request=<Request [b'HEAD']>
2026-09-10 20:57:14,200 - DEBUG - send_request_headers.complete
2026-09-10 20:57:14,200 - DEBUG - send_request_body.started request=<Request [b'HEAD']>
2026-09-10 20:57:14,201 - DEBUG - send_request_body.complete
2026-09-10 20:57:14,201 - DEBUG - receive_response_headers.started request=<Request [b'HEAD']>
2026-09-10 20:57:14,492 - DEBUG - receive_response_headers.complete return_value=(b'HTTP/1.1', 404, b'Not Found', [(b'Content-Type', b'text/plain; charset=utf-8'), (b'Content-Length', b'15'), (b'Connection', b'keep-alive'), (b'Date', b'Thu, 10 Sep 2026 15:27:14 GMT'), (b'ETag', b'W/"f-mY2VvLxuxB7KhsoOdQTlMTccuAQ"'), (b'X-Powered-By', b'huggingface-moon'), (b'X-Request-Id', b'Root=1-6aa2cc52-221ef8670e1b64157a408f57;cca0ea5f-78b2-4126-8082-62512248f7e0'), (b'RateLimit', b'"resolvers";r=2978;t=110'), (b'RateLimit-Policy', b'"fixed window";"resolvers";q=3000;w=300'), (b'cross-origin-opener-policy', b'same-origin'), (b'Referrer-Policy', b'strict-origin-when-cross-origin'), (b'Access-Control-Max-Age', b'86400'), (b'Access-Control-Allow-Origin', b'https://huggingface.co'), (b'Vary', b'Origin'), (b'Access-Control-Expose-Headers', b'X-Repo-Commit,X-Request-Id,X-Error-Code,X-Error-Message,X-Total-Count,ETag,Link,Accept-Ranges,Content-Range,X-Linked-Size,X-Linked-ETag,X-Xet-Hash'), (b'X-Repo-Commit', b'f298e427f91f83596786fe6b5b774539b3c9b337'), (b'Accept-Ranges', b'bytes'), (b'X-HF-Warning', b'unauthenticated; Warning: You are sending unauthenticated requests to the HF Hub. Please set a HF_TOKEN to enable higher rate limits and faster downloads.'), (b'X-Hub-Cache', b'MISS'), (b'X-Error-Code', b'EntryNotFound'), (b'X-Error-Message', b'Entry not found'), (b'X-Cache', b'Error from cloudfront'), (b'Via', b'1.1 457b36267487e906b58f06d150a4aa82.cloudfront.net (CloudFront)'), (b'X-Amz-Cf-Pop', b'MAA51-P3'), (b'X-Amz-Cf-Id', b'j-YX6BNE_Mq74-OUGlkeSIB_nnLw9y1mDlm0NUzfI4LyvR3TJ4y3Mg=='), (b'Strict-Transport-Security', b'max-age=31536000')])
2026-09-10 20:57:14,492 - INFO - HTTP Request: HEAD https://huggingface.co/Abhiram4/PlantDiseaseDetectorVit2/resolve/main/processor_config.json "HTTP/1.1 404 Not Found"
2026-09-10 20:57:14,493 - DEBUG - receive_response_body.started request=<Request [b'HEAD']>
2026-09-10 20:57:14,493 - DEBUG - receive_response_body.complete
2026-09-10 20:57:14,493 - DEBUG - response_closed.started
2026-09-10 20:57:14,493 - DEBUG - response_closed.complete
2026-09-10 20:57:14,495 - DEBUG - send_request_headers.started request=<Request [b'HEAD']>
2026-09-10 20:57:14,496 - DEBUG - send_request_headers.complete
2026-09-10 20:57:14,496 - DEBUG - send_request_body.started request=<Request [b'HEAD']>
2026-09-10 20:57:14,496 - DEBUG - send_request_body.complete
2026-09-10 20:57:14,496 - DEBUG - receive_response_headers.started request=<Request [b'HEAD']>
2026-09-10 20:57:14,815 - DEBUG - receive_response_headers.complete return_value=(b'HTTP/1.1', 307, b'Temporary Redirect', [(b'Content-Type', b'text/plain; charset=utf-8'), (b'Content-Length', b'296'), (b'Connection', b'keep-alive'), (b'Date', b'Thu, 10 Sep 2026 15:27:14 GMT'), (b'Location', b'/api/resolve-cache/models/Abhiram4/PlantDiseaseDetectorVit2/f298e427f91f83596786fe6b5b774539b3c9b337/preprocessor_config.json?%2FAbhiram4%2FPlantDiseaseDetectorVit2%2Fresolve%2Fmain%2Fpreprocessor_config.json=&etag=%22273d24924a8bd10227b532d603484f165dcb0b5d%22'), (b'X-Powered-By', b'huggingface-moon'), (b'X-Request-Id', b'Root=1-6aa2cc52-19fc62020ffaf73f10230521;536ef361-752b-48a1-a431-518f349a1d45'), (b'RateLimit', b'"resolvers";r=2977;t=110'), (b'RateLimit-Policy', b'"fixed window";"resolvers";q=3000;w=300'), (b'cross-origin-opener-policy', b'same-origin'), (b'Referrer-Policy', b'strict-origin-when-cross-origin'), (b'Access-Control-Max-Age', b'86400'), (b'Access-Control-Allow-Origin', b'https://huggingface.co'), (b'Vary', b'Origin, Accept'), (b'Access-Control-Expose-Headers', b'X-Repo-Commit,X-Request-Id,X-Error-Code,X-Error-Message,X-Total-Count,ETag,Link,Accept-Ranges,Content-Range,X-Linked-Size,X-Linked-ETag,X-Xet-Hash'), (b'X-Repo-Commit', b'f298e427f91f83596786fe6b5b774539b3c9b337'), (b'Accept-Ranges', b'bytes'), (b'X-Hub-Cache', b'MISS'), (b'Content-Disposition', b'inline; filename*=UTF-8\'\'preprocessor_config.json; filename="preprocessor_config.json";'), (b'Content-Security-Policy', b"default-src 'none'; sandbox"), (b'X-Linked-ETag', b'"273d24924a8bd10227b532d603484f165dcb0b5d"'), (b'X-Cache', b'Miss from cloudfront'), (b'Via', b'1.1 457b36267487e906b58f06d150a4aa82.cloudfront.net (CloudFront)'), (b'X-Amz-Cf-Pop', b'MAA51-P3'), (b'X-Amz-Cf-Id', b'CmyMdJ3heW_DqNCxrdDQ1L59OqJng-0IITNDe2H3mqSCJsf3EZ3xpg=='), (b'Strict-Transport-Security', b'max-age=31536000')])
2026-09-10 20:57:14,834 - INFO - HTTP Request: HEAD https://huggingface.co/Abhiram4/PlantDiseaseDetectorVit2/resolve/main/preprocessor_config.json "HTTP/1.1 307 Temporary Redirect"
2026-09-10 20:57:14,835 - DEBUG - receive_response_body.started request=<Request [b'HEAD']>
2026-09-10 20:57:14,835 - DEBUG - receive_response_body.complete
2026-09-10 20:57:14,836 - DEBUG - response_closed.started
2026-09-10 20:57:14,836 - DEBUG - response_closed.complete
2026-09-10 20:57:14,837 - DEBUG - send_request_headers.started request=<Request [b'HEAD']>
2026-09-10 20:57:14,838 - DEBUG - send_request_headers.complete
2026-09-10 20:57:14,839 - DEBUG - send_request_body.started request=<Request [b'HEAD']>
2026-09-10 20:57:14,839 - DEBUG - send_request_body.complete
2026-09-10 20:57:14,840 - DEBUG - receive_response_headers.started request=<Request [b'HEAD']>
2026-09-10 20:57:14,916 - DEBUG - receive_response_headers.complete return_value=(b'HTTP/1.1', 200, b'OK', [(b'Content-Type', b'text/plain; charset=utf-8'), (b'Content-Length', b'325'), (b'Connection', b'keep-alive'), (b'Date', b'Mon, 07 Sep 2026 12:58:20 GMT'), (b'ETag', b'"273d24924a8bd10227b532d603484f165dcb0b5d"'), (b'X-Powered-By', b'huggingface-moon'), (b'X-Request-Id', b'Root=1-6a9eb4ec-1966f7d11c3bca4c38c5238d;0b9e8813-1192-48cf-80fd-e1b65cae8316'), (b'RateLimit', b'"resolvers";r=2994;t=10'), (b'RateLimit-Policy', b'"fixed window";"resolvers";q=3000;w=300'), (b'cross-origin-opener-policy', b'same-origin'), (b'Referrer-Policy', b'strict-origin-when-cross-origin'), (b'Access-Control-Max-Age', b'86400'), (b'Access-Control-Allow-Origin', b'https://huggingface.co'), (b'Access-Control-Expose-Headers', b'X-Repo-Commit,X-Request-Id,X-Error-Code,X-Error-Message,X-Total-Count,ETag,Link,Accept-Ranges,Content-Range,X-Linked-Size,X-Linked-ETag,X-Xet-Hash'), (b'X-Repo-Commit', b'f298e427f91f83596786fe6b5b774539b3c9b337'), (b'Accept-Ranges', b'bytes'), (b'X-Hub-Cache', b'MISS'), (b'Content-Disposition', b'inline; filename*=UTF-8\'\'preprocessor_config.json; filename="preprocessor_config.json";'), (b'Content-Security-Policy', b"default-src 'none'; sandbox"), (b'Vary', b'Origin'), (b'X-Cache', b'Hit from cloudfront'), (b'Via', b'1.1 457b36267487e906b58f06d150a4aa82.cloudfront.net (CloudFront)'), (b'X-Amz-Cf-Pop', b'MAA51-P3'), (b'X-Amz-Cf-Id', b'FCPVP9aAKMidGyHtYfEKHqOiCDKoE7ZfL1vrhZy-Ksr6J5KRDTN8Yw=='), (b'Age', b'268135'), (b'Strict-Transport-Security', b'max-age=31536000')])
2026-09-10 20:57:14,916 - INFO - HTTP Request: HEAD https://huggingface.co/api/resolve-cache/models/Abhiram4/PlantDiseaseDetectorVit2/f298e427f91f83596786fe6b5b774539b3c9b337/preprocessor_config.json?%2FAbhiram4%2FPlantDiseaseDetectorVit2%2Fresolve%2Fmain%2Fpreprocessor_config.json=&etag=%22273d24924a8bd10227b532d603484f165dcb0b5d%22 "HTTP/1.1 200 OK"
2026-09-10 20:57:14,917 - DEBUG - receive_response_body.started request=<Request [b'HEAD']>
2026-09-10 20:57:14,917 - DEBUG - receive_response_body.complete
2026-09-10 20:57:14,917 - DEBUG - response_closed.started
2026-09-10 20:57:14,918 - DEBUG - response_closed.complete
2026-09-10 20:57:14,921 - DEBUG - send_request_headers.started request=<Request [b'HEAD']>
2026-09-10 20:57:14,922 - DEBUG - send_request_headers.complete
2026-09-10 20:57:14,922 - DEBUG - send_request_body.started request=<Request [b'HEAD']>
2026-09-10 20:57:14,922 - DEBUG - send_request_body.complete
2026-09-10 20:57:14,923 - DEBUG - receive_response_headers.started request=<Request [b'HEAD']>
2026-09-10 20:57:15,328 - DEBUG - receive_response_headers.complete return_value=(b'HTTP/1.1', 404, b'Not Found', [(b'Content-Type', b'text/plain; charset=utf-8'), (b'Content-Length', b'15'), (b'Connection', b'keep-alive'), (b'Date', b'Thu, 10 Sep 2026 15:27:15 GMT'), (b'ETag', b'W/"f-mY2VvLxuxB7KhsoOdQTlMTccuAQ"'), (b'X-Powered-By', b'huggingface-moon'), (b'X-Request-Id', b'Root=1-6aa2cc53-05dbad294d1293ad5450167e;f8239709-1bcd-4b30-b59a-e8f8ffb95d21'), (b'RateLimit', b'"resolvers";r=2976;t=109'), (b'RateLimit-Policy', b'"fixed window";"resolvers";q=3000;w=300'), (b'cross-origin-opener-policy', b'same-origin'), (b'Referrer-Policy', b'strict-origin-when-cross-origin'), (b'Access-Control-Max-Age', b'86400'), (b'Access-Control-Allow-Origin', b'https://huggingface.co'), (b'Vary', b'Origin'), (b'Access-Control-Expose-Headers', b'X-Repo-Commit,X-Request-Id,X-Error-Code,X-Error-Message,X-Total-Count,ETag,Link,Accept-Ranges,Content-Range,X-Linked-Size,X-Linked-ETag,X-Xet-Hash'), (b'X-Repo-Commit', b'f298e427f91f83596786fe6b5b774539b3c9b337'), (b'Accept-Ranges', b'bytes'), (b'X-Hub-Cache', b'MISS'), (b'X-Error-Code', b'EntryNotFound'), (b'X-Error-Message', b'Entry not found'), (b'X-Cache', b'Error from cloudfront'), (b'Via', b'1.1 457b36267487e906b58f06d150a4aa82.cloudfront.net (CloudFront)'), (b'X-Amz-Cf-Pop', b'MAA51-P3'), (b'X-Amz-Cf-Id', b'EF1NJJ8h4Ma-XnD9h-CWqQFvLo2w2Qa74rGmfvsDKfgLQnGFLTDCxA=='), (b'Strict-Transport-Security', b'max-age=31536000')])
2026-09-10 20:57:15,329 - INFO - HTTP Request: HEAD https://huggingface.co/Abhiram4/PlantDiseaseDetectorVit2/resolve/main/processor_config.json "HTTP/1.1 404 Not Found"
2026-09-10 20:57:15,329 - DEBUG - receive_response_body.started request=<Request [b'HEAD']>
2026-09-10 20:57:15,329 - DEBUG - receive_response_body.complete
2026-09-10 20:57:15,330 - DEBUG - response_closed.started
2026-09-10 20:57:15,330 - DEBUG - response_closed.complete
2026-09-10 20:57:15,333 - DEBUG - send_request_headers.started request=<Request [b'HEAD']>
2026-09-10 20:57:15,333 - DEBUG - send_request_headers.complete
2026-09-10 20:57:15,333 - DEBUG - send_request_body.started request=<Request [b'HEAD']>
2026-09-10 20:57:15,334 - DEBUG - send_request_body.complete
2026-09-10 20:57:15,334 - DEBUG - receive_response_headers.started request=<Request [b'HEAD']>
2026-09-10 20:57:15,635 - DEBUG - receive_response_headers.complete return_value=(b'HTTP/1.1', 404, b'Not Found', [(b'Content-Type', b'text/plain; charset=utf-8'), (b'Content-Length', b'15'), (b'Connection', b'keep-alive'), (b'Date', b'Thu, 10 Sep 2026 15:27:15 GMT'), (b'ETag', b'W/"f-mY2VvLxuxB7KhsoOdQTlMTccuAQ"'), (b'X-Powered-By', b'huggingface-moon'), (b'X-Request-Id', b'Root=1-6aa2cc53-4cf1400853d20a4972c8e49f;568a4e69-6095-4c4d-a055-9ecb13bddeeb'), (b'RateLimit', b'"resolvers";r=2975;t=109'), (b'RateLimit-Policy', b'"fixed window";"resolvers";q=3000;w=300'), (b'cross-origin-opener-policy', b'same-origin'), (b'Referrer-Policy', b'strict-origin-when-cross-origin'), (b'Access-Control-Max-Age', b'86400'), (b'Access-Control-Allow-Origin', b'https://huggingface.co'), (b'Vary', b'Origin'), (b'Access-Control-Expose-Headers', b'X-Repo-Commit,X-Request-Id,X-Error-Code,X-Error-Message,X-Total-Count,ETag,Link,Accept-Ranges,Content-Range,X-Linked-Size,X-Linked-ETag,X-Xet-Hash'), (b'X-Repo-Commit', b'f298e427f91f83596786fe6b5b774539b3c9b337'), (b'Accept-Ranges', b'bytes'), (b'X-HF-Warning', b'unauthenticated; Warning: You are sending unauthenticated requests to the HF Hub. Please set a HF_TOKEN to enable higher rate limits and faster downloads.'), (b'X-Hub-Cache', b'MISS'), (b'X-Error-Code', b'EntryNotFound'), (b'X-Error-Message', b'Entry not found'), (b'X-Cache', b'Error from cloudfront'), (b'Via', b'1.1 457b36267487e906b58f06d150a4aa82.cloudfront.net (CloudFront)'), (b'X-Amz-Cf-Pop', b'MAA51-P3'), (b'X-Amz-Cf-Id', b'zx-z_0luOrS9LeiIe-Wy___3IBhjd2geot60RtJlXvSQXA5Y1EH6-A=='), (b'Strict-Transport-Security', b'max-age=31536000')])
2026-09-10 20:57:15,636 - INFO - HTTP Request: HEAD https://huggingface.co/Abhiram4/PlantDiseaseDetectorVit2/resolve/main/video_preprocessor_config.json "HTTP/1.1 404 Not Found"
2026-09-10 20:57:15,637 - DEBUG - receive_response_body.started request=<Request [b'HEAD']>
2026-09-10 20:57:15,637 - DEBUG - receive_response_body.complete
2026-09-10 20:57:15,638 - DEBUG - response_closed.started
2026-09-10 20:57:15,638 - DEBUG - response_closed.complete
2026-09-10 20:57:15,642 - DEBUG - send_request_headers.started request=<Request [b'HEAD']>
2026-09-10 20:57:15,642 - DEBUG - send_request_headers.complete
2026-09-10 20:57:15,643 - DEBUG - send_request_body.started request=<Request [b'HEAD']>
2026-09-10 20:57:15,643 - DEBUG - send_request_body.complete
2026-09-10 20:57:15,643 - DEBUG - receive_response_headers.started request=<Request [b'HEAD']>
2026-09-10 20:57:15,949 - DEBUG - receive_response_headers.complete return_value=(b'HTTP/1.1', 307, b'Temporary Redirect', [(b'Content-Type', b'text/plain; charset=utf-8'), (b'Content-Length', b'296'), (b'Connection', b'keep-alive'), (b'Date', b'Thu, 10 Sep 2026 15:27:15 GMT'), (b'Location', b'/api/resolve-cache/models/Abhiram4/PlantDiseaseDetectorVit2/f298e427f91f83596786fe6b5b774539b3c9b337/preprocessor_config.json?%2FAbhiram4%2FPlantDiseaseDetectorVit2%2Fresolve%2Fmain%2Fpreprocessor_config.json=&etag=%22273d24924a8bd10227b532d603484f165dcb0b5d%22'), (b'X-Powered-By', b'huggingface-moon'), (b'X-Request-Id', b'Root=1-6aa2cc53-0f7e05f660fdc9d20218b211;c49f43d5-7ac4-4e71-b8df-4be997bd679c'), (b'RateLimit', b'"resolvers";r=2974;t=109'), (b'RateLimit-Policy', b'"fixed window";"resolvers";q=3000;w=300'), (b'cross-origin-opener-policy', b'same-origin'), (b'Referrer-Policy', b'strict-origin-when-cross-origin'), (b'Access-Control-Max-Age', b'86400'), (b'Access-Control-Allow-Origin', b'https://huggingface.co'), (b'Vary', b'Origin, Accept'), (b'Access-Control-Expose-Headers', b'X-Repo-Commit,X-Request-Id,X-Error-Code,X-Error-Message,X-Total-Count,ETag,Link,Accept-Ranges,Content-Range,X-Linked-Size,X-Linked-ETag,X-Xet-Hash'), (b'X-Repo-Commit', b'f298e427f91f83596786fe6b5b774539b3c9b337'), (b'Accept-Ranges', b'bytes'), (b'X-Hub-Cache', b'MISS'), (b'Content-Disposition', b'inline; filename*=UTF-8\'\'preprocessor_config.json; filename="preprocessor_config.json";'), (b'Content-Security-Policy', b"default-src 'none'; sandbox"), (b'X-Linked-ETag', b'"273d24924a8bd10227b532d603484f165dcb0b5d"'), (b'X-Cache', b'Miss from cloudfront'), (b'Via', b'1.1 457b36267487e906b58f06d150a4aa82.cloudfront.net (CloudFront)'), (b'X-Amz-Cf-Pop', b'MAA51-P3'), (b'X-Amz-Cf-Id', b'3G81seGpOLDFW4UkBCbCsFaf8L3ADGQ9HhN0MmQs6vwQ93eK0x-ylw=='), (b'Strict-Transport-Security', b'max-age=31536000')])
2026-09-10 20:57:15,949 - INFO - HTTP Request: HEAD https://huggingface.co/Abhiram4/PlantDiseaseDetectorVit2/resolve/main/preprocessor_config.json "HTTP/1.1 307 Temporary Redirect"
2026-09-10 20:57:15,950 - DEBUG - receive_response_body.started request=<Request [b'HEAD']>
2026-09-10 20:57:15,950 - DEBUG - receive_response_body.complete
2026-09-10 20:57:15,950 - DEBUG - response_closed.started
2026-09-10 20:57:15,950 - DEBUG - response_closed.complete
2026-09-10 20:57:15,951 - DEBUG - send_request_headers.started request=<Request [b'HEAD']>
2026-09-10 20:57:15,951 - DEBUG - send_request_headers.complete
2026-09-10 20:57:15,951 - DEBUG - send_request_body.started request=<Request [b'HEAD']>
2026-09-10 20:57:15,952 - DEBUG - send_request_body.complete
2026-09-10 20:57:15,952 - DEBUG - receive_response_headers.started request=<Request [b'HEAD']>
2026-09-10 20:57:16,037 - DEBUG - receive_response_headers.complete return_value=(b'HTTP/1.1', 200, b'OK', [(b'Content-Type', b'text/plain; charset=utf-8'), (b'Content-Length', b'325'), (b'Connection', b'keep-alive'), (b'Date', b'Mon, 07 Sep 2026 12:58:20 GMT'), (b'ETag', b'"273d24924a8bd10227b532d603484f165dcb0b5d"'), (b'X-Powered-By', b'huggingface-moon'), (b'X-Request-Id', b'Root=1-6a9eb4ec-1966f7d11c3bca4c38c5238d;0b9e8813-1192-48cf-80fd-e1b65cae8316'), (b'RateLimit', b'"resolvers";r=2994;t=10'), (b'RateLimit-Policy', b'"fixed window";"resolvers";q=3000;w=300'), (b'cross-origin-opener-policy', b'same-origin'), (b'Referrer-Policy', b'strict-origin-when-cross-origin'), (b'Access-Control-Max-Age', b'86400'), (b'Access-Control-Allow-Origin', b'https://huggingface.co'), (b'Access-Control-Expose-Headers', b'X-Repo-Commit,X-Request-Id,X-Error-Code,X-Error-Message,X-Total-Count,ETag,Link,Accept-Ranges,Content-Range,X-Linked-Size,X-Linked-ETag,X-Xet-Hash'), (b'X-Repo-Commit', b'f298e427f91f83596786fe6b5b774539b3c9b337'), (b'Accept-Ranges', b'bytes'), (b'X-Hub-Cache', b'MISS'), (b'Content-Disposition', b'inline; filename*=UTF-8\'\'preprocessor_config.json; filename="preprocessor_config.json";'), (b'Content-Security-Policy', b"default-src 'none'; sandbox"), (b'Vary', b'Origin'), (b'X-Cache', b'Hit from cloudfront'), (b'Via', b'1.1 457b36267487e906b58f06d150a4aa82.cloudfront.net (CloudFront)'), (b'X-Amz-Cf-Pop', b'MAA51-P3'), (b'X-Amz-Cf-Id', b'YHcstD5kiCldFZDFNraRKJDg7WZk7021kyPzD-EKfTpgO7t8HF5x5w=='), (b'Age', b'268136'), (b'Strict-Transport-Security', b'max-age=31536000')])
2026-09-10 20:57:16,037 - INFO - HTTP Request: HEAD https://huggingface.co/api/resolve-cache/models/Abhiram4/PlantDiseaseDetectorVit2/f298e427f91f83596786fe6b5b774539b3c9b337/preprocessor_config.json?%2FAbhiram4%2FPlantDiseaseDetectorVit2%2Fresolve%2Fmain%2Fpreprocessor_config.json=&etag=%22273d24924a8bd10227b532d603484f165dcb0b5d%22 "HTTP/1.1 200 OK"
2026-09-10 20:57:16,038 - DEBUG - receive_response_body.started request=<Request [b'HEAD']>
2026-09-10 20:57:16,038 - DEBUG - receive_response_body.complete
2026-09-10 20:57:16,038 - DEBUG - response_closed.started
2026-09-10 20:57:16,038 - DEBUG - response_closed.complete
2026-09-10 20:57:16,042 - INFO - Image classification pipeline initialized.
2026-09-10 20:57:16,043 - INFO - Disease descriptions loaded from JSON.
2026-09-10 20:57:16,110 - WARNING -  * Debugger is active!
2026-09-10 20:57:16,112 - INFO -  * Debugger PIN: 129-816-496
2026-09-10 20:57:18,693 - INFO - 127.0.0.1 - - [10/Sep/2026 20:57:18] "[32mGET / HTTP/1.1[0m" 302 -
2026-09-10 20:57:18,721 - INFO - 127.0.0.1 - - [10/Sep/2026 20:57:18] "GET /signin HTTP/1.1" 200 -
2026-09-10 20:58:00,437 - INFO - 127.0.0.1 - - [10/Sep/2026 20:58:00] "[32mGET / HTTP/1.1[0m" 302 -
2026-09-10 20:58:00,445 - INFO - 127.0.0.1 - - [10/Sep/2026 20:58:00] "GET /signin HTTP/1.1" 200 -
2026-09-10 20:58:00,576 - INFO - 127.0.0.1 - - [10/Sep/2026 20:58:00] "GET /static/css/dashmix.min.css HTTP/1.1" 200 -
2026-09-10 20:58:00,658 - INFO - 127.0.0.1 - - [10/Sep/2026 20:58:00] "GET /static/js/setTheme.js HTTP/1.1" 200 -
2026-09-10 20:58:00,660 - INFO - 127.0.0.1 - - [10/Sep/2026 20:58:00] "GET /static/js/pages/op_auth_signin.min.js HTTP/1.1" 200 -
2026-09-10 20:58:00,706 - INFO - 127.0.0.1 - - [10/Sep/2026 20:58:00] "GET /static/js/dashmix.app.min.js HTTP/1.1" 200 -
2026-09-10 20:58:00,719 - INFO - 127.0.0.1 - - [10/Sep/2026 20:58:00] "GET /static/media/photos/Bg_login_page.avif HTTP/1.1" 200 -
2026-09-10 20:58:00,721 - INFO - 127.0.0.1 - - [10/Sep/2026 20:58:00] "GET /static/js/lib/jquery.min.js HTTP/1.1" 200 -
2026-09-10 20:58:00,729 - INFO - 127.0.0.1 - - [10/Sep/2026 20:58:00] "GET /static/js/plugins/jquery-validation/jquery.validate.min.js HTTP/1.1" 200 -
2026-09-10 20:58:00,752 - INFO - 127.0.0.1 - - [10/Sep/2026 20:58:00] "GET /static/fonts/inter/inter-v18-latin-regular.woff2 HTTP/1.1" 200 -
2026-09-10 20:58:00,753 - INFO - 127.0.0.1 - - [10/Sep/2026 20:58:00] "GET /static/fonts/inter/inter-v18-latin-700.woff2 HTTP/1.1" 200 -
2026-09-10 20:58:00,755 - INFO - 127.0.0.1 - - [10/Sep/2026 20:58:00] "GET /static/fonts/inter/inter-v18-latin-600.woff2 HTTP/1.1" 200 -
2026-09-10 20:58:00,755 - INFO - 127.0.0.1 - - [10/Sep/2026 20:58:00] "GET /static/fonts/fontawesome/fa-solid-900.woff2 HTTP/1.1" 200 -
2026-09-10 20:58:00,811 - INFO - 127.0.0.1 - - [10/Sep/2026 20:58:00] "GET /static/media/favicons/favicon.png HTTP/1.1" 200 -
2026-09-10 20:58:17,297 - INFO - 127.0.0.1 - - [10/Sep/2026 20:58:17] "POST /signin HTTP/1.1" 200 -
2026-09-10 20:58:17,318 - INFO - 127.0.0.1 - - [10/Sep/2026 20:58:17] "[36mGET /static/js/setTheme.js HTTP/1.1[0m" 304 -
2026-09-10 20:58:17,320 - INFO - 127.0.0.1 - - [10/Sep/2026 20:58:17] "[36mGET /static/css/dashmix.min.css HTTP/1.1[0m" 304 -
2026-09-10 20:58:17,320 - INFO - 127.0.0.1 - - [10/Sep/2026 20:58:17] "[36mGET /static/js/dashmix.app.min.js HTTP/1.1[0m" 304 -
2026-09-10 20:58:17,322 - INFO - 127.0.0.1 - - [10/Sep/2026 20:58:17] "[36mGET /static/js/lib/jquery.min.js HTTP/1.1[0m" 304 -
2026-09-10 20:58:17,326 - INFO - 127.0.0.1 - - [10/Sep/2026 20:58:17] "[36mGET /static/js/pages/op_auth_signin.min.js HTTP/1.1[0m" 304 -
2026-09-10 20:58:17,326 - INFO - 127.0.0.1 - - [10/Sep/2026 20:58:17] "[36mGET /static/js/plugins/jquery-validation/jquery.validate.min.js HTTP/1.1[0m" 304 -
2026-09-10 20:58:17,352 - INFO - 127.0.0.1 - - [10/Sep/2026 20:58:17] "[36mGET /static/media/photos/Bg_login_page.avif HTTP/1.1[0m" 304 -
2026-09-10 20:58:17,354 - INFO - 127.0.0.1 - - [10/Sep/2026 20:58:17] "[36mGET /static/fonts/inter/inter-v18-latin-700.woff2 HTTP/1.1[0m" 304 -
2026-09-10 20:58:17,358 - INFO - 127.0.0.1 - - [10/Sep/2026 20:58:17] "[36mGET /static/fonts/inter/inter-v18-latin-regular.woff2 HTTP/1.1[0m" 304 -
2026-09-10 20:58:17,360 - INFO - 127.0.0.1 - - [10/Sep/2026 20:58:17] "[36mGET /static/fonts/fontawesome/fa-solid-900.woff2 HTTP/1.1[0m" 304 -
2026-09-10 20:58:17,360 - INFO - 127.0.0.1 - - [10/Sep/2026 20:58:17] "[36mGET /static/fonts/inter/inter-v18-latin-600.woff2 HTTP/1.1[0m" 304 -
2026-09-10 20:58:19,562 - INFO - 127.0.0.1 - - [10/Sep/2026 20:58:19] "GET /signup HTTP/1.1" 200 -
2026-09-10 20:58:19,579 - INFO - 127.0.0.1 - - [10/Sep/2026 20:58:19] "[36mGET /static/css/dashmix.min.css HTTP/1.1[0m" 304 -
2026-09-10 20:58:19,581 - INFO - 127.0.0.1 - - [10/Sep/2026 20:58:19] "[33mGET /assets/js/dashmix.app.min.js HTTP/1.1[0m" 404 -
2026-09-10 20:58:19,582 - INFO - 127.0.0.1 - - [10/Sep/2026 20:58:19] "[33mGET /assets/js/lib/jquery.min.js HTTP/1.1[0m" 404 -
2026-09-10 20:58:19,584 - INFO - 127.0.0.1 - - [10/Sep/2026 20:58:19] "[33mGET /assets/js/plugins/jquery-validation/jquery.validate.min.js HTTP/1.1[0m" 404 -
2026-09-10 20:58:19,587 - INFO - 127.0.0.1 - - [10/Sep/2026 20:58:19] "[36mGET /static/js/setTheme.js HTTP/1.1[0m" 304 -
2026-09-10 20:58:19,589 - INFO - 127.0.0.1 - - [10/Sep/2026 20:58:19] "[33mGET /assets/js/pages/op_auth_signup.min.js HTTP/1.1[0m" 404 -
2026-09-10 20:58:19,625 - INFO - 127.0.0.1 - - [10/Sep/2026 20:58:19] "[36mGET /static/media/photos/Bg_login_page.avif HTTP/1.1[0m" 304 -
2026-09-10 20:58:19,627 - INFO - 127.0.0.1 - - [10/Sep/2026 20:58:19] "[36mGET /static/fonts/inter/inter-v18-latin-700.woff2 HTTP/1.1[0m" 304 -
2026-09-10 20:58:19,630 - INFO - 127.0.0.1 - - [10/Sep/2026 20:58:19] "[36mGET /static/fonts/inter/inter-v18-latin-regular.woff2 HTTP/1.1[0m" 304 -
2026-09-10 20:58:19,632 - INFO - 127.0.0.1 - - [10/Sep/2026 20:58:19] "[36mGET /static/fonts/fontawesome/fa-solid-900.woff2 HTTP/1.1[0m" 304 -
2026-09-10 20:58:19,653 - INFO - 127.0.0.1 - - [10/Sep/2026 20:58:19] "GET /static/media/favicons/favicon-192x192.png HTTP/1.1" 200 -
2026-09-10 20:58:45,613 - INFO - 127.0.0.1 - - [10/Sep/2026 20:58:45] "[32mPOST /signup HTTP/1.1[0m" 302 -
2026-09-10 20:58:45,698 - INFO - 127.0.0.1 - - [10/Sep/2026 20:58:45] "GET /index HTTP/1.1" 200 -
2026-09-10 20:58:45,730 - INFO - 127.0.0.1 - - [10/Sep/2026 20:58:45] "[36mGET /static/css/dashmix.min.css HTTP/1.1[0m" 304 -
2026-09-10 20:58:45,732 - INFO - 127.0.0.1 - - [10/Sep/2026 20:58:45] "[36mGET /static/js/setTheme.js HTTP/1.1[0m" 304 -
2026-09-10 20:58:45,748 - INFO - 127.0.0.1 - - [10/Sep/2026 20:58:45] "GET /static/media/photos/placeholder2.png HTTP/1.1" 200 -
2026-09-10 20:58:45,749 - INFO - 127.0.0.1 - - [10/Sep/2026 20:58:45] "GET /static/media/photos/photo21@2x.jpg HTTP/1.1" 200 -
2026-09-10 20:58:45,767 - INFO - 127.0.0.1 - - [10/Sep/2026 20:58:45] "GET /static/media/photos/photo13@2x.jpg HTTP/1.1" 200 -
2026-09-10 20:58:45,767 - INFO - 127.0.0.1 - - [10/Sep/2026 20:58:45] "GET /static/media/photos/photo23@2x.jpg HTTP/1.1" 200 -
2026-09-10 20:58:45,778 - INFO - 127.0.0.1 - - [10/Sep/2026 20:58:45] "[36mGET /static/js/dashmix.app.min.js HTTP/1.1[0m" 304 -
2026-09-10 20:58:45,786 - INFO - 127.0.0.1 - - [10/Sep/2026 20:58:45] "[36mGET /static/js/lib/jquery.min.js HTTP/1.1[0m" 304 -
2026-09-10 20:58:45,824 - INFO - 127.0.0.1 - - [10/Sep/2026 20:58:45] "GET /static/js/plugins/jquery-countdown/jquery.countdown.min.js HTTP/1.1" 200 -
2026-09-10 20:58:45,844 - INFO - 127.0.0.1 - - [10/Sep/2026 20:58:45] "GET /static/js/pages/op_coming_soon.min.js HTTP/1.1" 200 -
2026-09-10 20:58:46,792 - INFO - 127.0.0.1 - - [10/Sep/2026 20:58:46] "GET /static/media/photos/re-1.png HTTP/1.1" 200 -
2026-09-10 20:58:46,793 - INFO - 127.0.0.1 - - [10/Sep/2026 20:58:46] "GET /static/media/photos/re-2.png HTTP/1.1" 200 -
2026-09-10 20:58:46,801 - INFO - 127.0.0.1 - - [10/Sep/2026 20:58:46] "GET /static/media/photos/re-3.png HTTP/1.1" 200 -
2026-09-10 20:58:46,806 - INFO - 127.0.0.1 - - [10/Sep/2026 20:58:46] "[36mGET /static/fonts/inter/inter-v18-latin-700.woff2 HTTP/1.1[0m" 304 -
2026-09-10 20:58:46,810 - INFO - 127.0.0.1 - - [10/Sep/2026 20:58:46] "[36mGET /static/fonts/inter/inter-v18-latin-regular.woff2 HTTP/1.1[0m" 304 -
2026-09-10 20:58:46,810 - INFO - 127.0.0.1 - - [10/Sep/2026 20:58:46] "GET /static/media/photos/photo17@2x.jpg HTTP/1.1" 200 -
2026-09-10 20:58:46,810 - INFO - 127.0.0.1 - - [10/Sep/2026 20:58:46] "[36mGET /static/fonts/inter/inter-v18-latin-600.woff2 HTTP/1.1[0m" 304 -
2026-09-10 20:58:46,906 - INFO - 127.0.0.1 - - [10/Sep/2026 20:58:46] "GET /static/fonts/inter/inter-v18-latin-300.woff2 HTTP/1.1" 200 -
2026-09-10 20:59:38,945 - INFO - 127.0.0.1 - - [10/Sep/2026 20:59:38] "GET /get-history HTTP/1.1" 200 -
2026-09-10 20:59:43,829 - INFO - 127.0.0.1 - - [10/Sep/2026 20:59:43] "POST /clear-history HTTP/1.1" 200 -
2026-09-10 20:59:47,586 - INFO - 127.0.0.1 - - [10/Sep/2026 20:59:47] "GET /index HTTP/1.1" 200 -
2026-09-10 20:59:47,675 - INFO - 127.0.0.1 - - [10/Sep/2026 20:59:47] "[36mGET /static/css/dashmix.min.css HTTP/1.1[0m" 304 -
2026-09-10 20:59:47,676 - INFO - 127.0.0.1 - - [10/Sep/2026 20:59:47] "[36mGET /static/js/setTheme.js HTTP/1.1[0m" 304 -
2026-09-10 20:59:47,681 - INFO - 127.0.0.1 - - [10/Sep/2026 20:59:47] "[36mGET /static/media/photos/placeholder2.png HTTP/1.1[0m" 304 -
2026-09-10 20:59:47,682 - INFO - 127.0.0.1 - - [10/Sep/2026 20:59:47] "[36mGET /static/media/photos/photo21@2x.jpg HTTP/1.1[0m" 304 -
2026-09-10 20:59:47,696 - INFO - 127.0.0.1 - - [10/Sep/2026 20:59:47] "[36mGET /static/media/photos/photo13@2x.jpg HTTP/1.1[0m" 304 -
2026-09-10 20:59:47,697 - INFO - 127.0.0.1 - - [10/Sep/2026 20:59:47] "[36mGET /static/media/photos/photo23@2x.jpg HTTP/1.1[0m" 304 -
2026-09-10 20:59:47,707 - INFO - 127.0.0.1 - - [10/Sep/2026 20:59:47] "[36mGET /static/js/dashmix.app.min.js HTTP/1.1[0m" 304 -
2026-09-10 20:59:47,708 - INFO - 127.0.0.1 - - [10/Sep/2026 20:59:47] "[36mGET /static/js/lib/jquery.min.js HTTP/1.1[0m" 304 -
2026-09-10 20:59:47,709 - INFO - 127.0.0.1 - - [10/Sep/2026 20:59:47] "[36mGET /static/js/plugins/jquery-countdown/jquery.countdown.min.js HTTP/1.1[0m" 304 -
2026-09-10 20:59:47,713 - INFO - 127.0.0.1 - - [10/Sep/2026 20:59:47] "[36mGET /static/js/pages/op_coming_soon.min.js HTTP/1.1[0m" 304 -
2026-09-10 20:59:47,715 - INFO - 127.0.0.1 - - [10/Sep/2026 20:59:47] "[36mGET /static/media/photos/re-1.png HTTP/1.1[0m" 304 -
2026-09-10 20:59:47,720 - INFO - 127.0.0.1 - - [10/Sep/2026 20:59:47] "[36mGET /static/media/photos/re-2.png HTTP/1.1[0m" 304 -
2026-09-10 20:59:47,723 - INFO - 127.0.0.1 - - [10/Sep/2026 20:59:47] "[36mGET /static/media/photos/re-3.png HTTP/1.1[0m" 304 -
2026-09-10 20:59:47,726 - INFO - 127.0.0.1 - - [10/Sep/2026 20:59:47] "[36mGET /static/fonts/inter/inter-v18-latin-700.woff2 HTTP/1.1[0m" 304 -
2026-09-10 20:59:47,730 - INFO - 127.0.0.1 - - [10/Sep/2026 20:59:47] "[36mGET /static/fonts/inter/inter-v18-latin-regular.woff2 HTTP/1.1[0m" 304 -
2026-09-10 20:59:47,732 - INFO - 127.0.0.1 - - [10/Sep/2026 20:59:47] "[36mGET /static/fonts/inter/inter-v18-latin-600.woff2 HTTP/1.1[0m" 304 -
2026-09-10 20:59:47,733 - INFO - 127.0.0.1 - - [10/Sep/2026 20:59:47] "[36mGET /static/fonts/inter/inter-v18-latin-300.woff2 HTTP/1.1[0m" 304 -
2026-09-10 20:59:47,739 - INFO - 127.0.0.1 - - [10/Sep/2026 20:59:47] "[36mGET /static/media/photos/photo17@2x.jpg HTTP/1.1[0m" 304 -
2026-09-10 21:10:01,303 - DEBUG - connect_tcp.started host='huggingface.co' port=443 local_address=None timeout=10 socket_options=None
2026-09-10 21:10:01,514 - DEBUG - connect_tcp.complete return_value=<httpcore._backends.sync.SyncStream object at 0x0000023EFC1827B0>
2026-09-10 21:10:01,514 - DEBUG - start_tls.started ssl_context=<ssl.SSLContext object at 0x0000023EFBFCEC30> server_hostname='huggingface.co' timeout=10
2026-09-10 21:10:01,620 - DEBUG - start_tls.complete return_value=<httpcore._backends.sync.SyncStream object at 0x0000023EEC420550>
2026-09-10 21:10:01,621 - DEBUG - send_request_headers.started request=<Request [b'HEAD']>
2026-09-10 21:10:01,622 - DEBUG - send_request_headers.complete
2026-09-10 21:10:01,623 - DEBUG - send_request_body.started request=<Request [b'HEAD']>
2026-09-10 21:10:01,623 - DEBUG - send_request_body.complete
2026-09-10 21:10:01,624 - DEBUG - receive_response_headers.started request=<Request [b'HEAD']>
2026-09-10 21:10:02,027 - DEBUG - receive_response_headers.complete return_value=(b'HTTP/1.1', 307, b'Temporary Redirect', [(b'Content-Type', b'text/plain; charset=utf-8'), (b'Content-Length', b'270'), (b'Connection', b'keep-alive'), (b'Date', b'Thu, 10 Sep 2026 15:40:02 GMT'), (b'Location', b'/api/resolve-cache/models/Abhiram4/PlantDiseaseDetectorVit2/f298e427f91f83596786fe6b5b774539b3c9b337/config.json?%2FAbhiram4%2FPlantDiseaseDetectorVit2%2Fresolve%2Fmain%2Fconfig.json=&etag=%22440f449cd30b16d8d1017d656ada205a41c390f7%22'), (b'X-Powered-By', b'huggingface-moon'), (b'X-Request-Id', b'Root=1-6aa2cf51-695c15ca43452f0f481fa33b;719d3489-c21c-49af-8fba-0da6aa60e439'), (b'RateLimit', b'"resolvers";r=2999;t=208'), (b'RateLimit-Policy', b'"fixed window";"resolvers";q=3000;w=300'), (b'cross-origin-opener-policy', b'same-origin'), (b'Referrer-Policy', b'strict-origin-when-cross-origin'), (b'Access-Control-Max-Age', b'86400'), (b'Access-Control-Allow-Origin', b'https://huggingface.co'), (b'Vary', b'Origin, Accept'), (b'Access-Control-Expose-Headers', b'X-Repo-Commit,X-Request-Id,X-Error-Code,X-Error-Message,X-Total-Count,ETag,Link,Accept-Ranges,Content-Range,X-Linked-Size,X-Linked-ETag,X-Xet-Hash'), (b'X-Repo-Commit', b'f298e427f91f83596786fe6b5b774539b3c9b337'), (b'Accept-Ranges', b'bytes'), (b'X-HF-Warning', b'unauthenticated; Warning: You are sending unauthenticated requests to the HF Hub. Please set a HF_TOKEN to enable higher rate limits and faster downloads.'), (b'X-Hub-Cache', b'MISS'), (b'Content-Disposition', b'inline; filename*=UTF-8\'\'config.json; filename="config.json";'), (b'Content-Security-Policy', b"default-src 'none'; sandbox"), (b'X-Linked-ETag', b'"440f449cd30b16d8d1017d656ada205a41c390f7"'), (b'X-Cache', b'Miss from cloudfront'), (b'Via', b'1.1 f0b0b757bda5d486a2538debdf4d2396.cloudfront.net (CloudFront)'), (b'X-Amz-Cf-Pop', b'MAA51-P3'), (b'X-Amz-Cf-Id', b'5ytC79R2_jzl_d_iFsfynWd8uuM6AaJelw5F3O9IcNdLXeson3FMFw=='), (b'Strict-Transport-Security', b'max-age=31536000')])
2026-09-10 21:10:02,029 - INFO - HTTP Request: HEAD https://huggingface.co/Abhiram4/PlantDiseaseDetectorVit2/resolve/main/config.json "HTTP/1.1 307 Temporary Redirect"
2026-09-10 21:10:02,030 - DEBUG - receive_response_body.started request=<Request [b'HEAD']>
2026-09-10 21:10:02,031 - DEBUG - receive_response_body.complete
2026-09-10 21:10:02,031 - DEBUG - response_closed.started
2026-09-10 21:10:02,032 - DEBUG - response_closed.complete
2026-09-10 21:10:02,032 - WARNING - Warning: You are sending unauthenticated requests to the HF Hub. Please set a HF_TOKEN to enable higher rate limits and faster downloads.
2026-09-10 21:10:02,033 - DEBUG - send_request_headers.started request=<Request [b'HEAD']>
2026-09-10 21:10:02,034 - DEBUG - send_request_headers.complete
2026-09-10 21:10:02,034 - DEBUG - send_request_body.started request=<Request [b'HEAD']>
2026-09-10 21:10:02,034 - DEBUG - send_request_body.complete
2026-09-10 21:10:02,035 - DEBUG - receive_response_headers.started request=<Request [b'HEAD']>
2026-09-10 21:10:02,181 - DEBUG - receive_response_headers.complete return_value=(b'HTTP/1.1', 200, b'OK', [(b'Content-Type', b'text/plain; charset=utf-8'), (b'Content-Length', b'3787'), (b'Connection', b'keep-alive'), (b'Date', b'Sun, 06 Sep 2026 19:27:11 GMT'), (b'ETag', b'"440f449cd30b16d8d1017d656ada205a41c390f7"'), (b'X-Powered-By', b'huggingface-moon'), (b'X-Request-Id', b'Root=1-6a9dbe8f-152f305141d152936f972005'), (b'RateLimit', b'"resolvers";r=2898;t=229'), (b'RateLimit-Policy', b'"fixed window";"resolvers";q=3000;w=300'), (b'cross-origin-opener-policy', b'same-origin'), (b'Referrer-Policy', b'strict-origin-when-cross-origin'), (b'Access-Control-Max-Age', b'86400'), (b'Access-Control-Allow-Origin', b'https://huggingface.co'), (b'Access-Control-Expose-Headers', b'X-Repo-Commit,X-Request-Id,X-Error-Code,X-Error-Message,X-Total-Count,ETag,Link,Accept-Ranges,Content-Range,X-Linked-Size,X-Linked-ETag,X-Xet-Hash'), (b'X-Repo-Commit', b'f298e427f91f83596786fe6b5b774539b3c9b337'), (b'Accept-Ranges', b'bytes'), (b'Content-Disposition', b'inline; filename*=UTF-8\'\'config.json; filename="config.json";'), (b'Content-Security-Policy', b"default-src 'none'; sandbox"), (b'Vary', b'Origin'), (b'X-Cache', b'Hit from cloudfront'), (b'Via', b'1.1 f0b0b757bda5d486a2538debdf4d2396.cloudfront.net (CloudFront)'), (b'X-Amz-Cf-Pop', b'MAA51-P3'), (b'X-Amz-Cf-Id', b'sNUvVPuCVnK9dUOxpwJe3MbSyB7Ad8Qgz3p5OmN13O03mRm2F_vqNA=='), (b'Age', b'331971'), (b'Strict-Transport-Security', b'max-age=31536000')])
2026-09-10 21:10:02,182 - INFO - HTTP Request: HEAD https://huggingface.co/api/resolve-cache/models/Abhiram4/PlantDiseaseDetectorVit2/f298e427f91f83596786fe6b5b774539b3c9b337/config.json?%2FAbhiram4%2FPlantDiseaseDetectorVit2%2Fresolve%2Fmain%2Fconfig.json=&etag=%22440f449cd30b16d8d1017d656ada205a41c390f7%22 "HTTP/1.1 200 OK"
2026-09-10 21:10:02,183 - DEBUG - receive_response_body.started request=<Request [b'HEAD']>
2026-09-10 21:10:02,183 - DEBUG - receive_response_body.complete
2026-09-10 21:10:02,183 - DEBUG - response_closed.started
2026-09-10 21:10:02,184 - DEBUG - response_closed.complete
2026-09-10 21:10:02,646 - DEBUG - send_request_headers.started request=<Request [b'HEAD']>
2026-09-10 21:10:02,646 - DEBUG - send_request_headers.complete
2026-09-10 21:10:02,647 - DEBUG - send_request_body.started request=<Request [b'HEAD']>
2026-09-10 21:10:02,647 - DEBUG - send_request_body.complete
2026-09-10 21:10:02,647 - DEBUG - receive_response_headers.started request=<Request [b'HEAD']>
2026-09-10 21:10:03,266 - DEBUG - receive_response_headers.complete return_value=(b'HTTP/1.1', 404, b'Not Found', [(b'Content-Type', b'text/plain; charset=utf-8'), (b'Content-Length', b'15'), (b'Connection', b'keep-alive'), (b'Date', b'Thu, 10 Sep 2026 15:40:03 GMT'), (b'ETag', b'W/"f-mY2VvLxuxB7KhsoOdQTlMTccuAQ"'), (b'X-Powered-By', b'huggingface-moon'), (b'X-Request-Id', b'Root=1-6aa2cf53-71507a8d1a300a2b098d75b5;e6c75394-7ad4-4f73-8b9b-bf17f5bc7cbf'), (b'RateLimit', b'"resolvers";r=2998;t=206'), (b'RateLimit-Policy', b'"fixed window";"resolvers";q=3000;w=300'), (b'cross-origin-opener-policy', b'same-origin'), (b'Referrer-Policy', b'strict-origin-when-cross-origin'), (b'Access-Control-Max-Age', b'86400'), (b'Access-Control-Allow-Origin', b'https://huggingface.co'), (b'Vary', b'Origin'), (b'Access-Control-Expose-Headers', b'X-Repo-Commit,X-Request-Id,X-Error-Code,X-Error-Message,X-Total-Count,ETag,Link,Accept-Ranges,Content-Range,X-Linked-Size,X-Linked-ETag,X-Xet-Hash'), (b'X-Repo-Commit', b'f298e427f91f83596786fe6b5b774539b3c9b337'), (b'Accept-Ranges', b'bytes'), (b'X-HF-Warning', b'unauthenticated; Warning: You are sending unauthenticated requests to the HF Hub. Please set a HF_TOKEN to enable higher rate limits and faster downloads.'), (b'X-Hub-Cache', b'MISS'), (b'X-Error-Code', b'EntryNotFound'), (b'X-Error-Message', b'Entry not found'), (b'X-Cache', b'Error from cloudfront'), (b'Via', b'1.1 f0b0b757bda5d486a2538debdf4d2396.cloudfront.net (CloudFront)'), (b'X-Amz-Cf-Pop', b'MAA51-P3'), (b'X-Amz-Cf-Id', b'4zuTVqBRJh1GrLeErAit2DBEbFxUw54lc8UbNvyJLCNdYiwbj5LEQQ=='), (b'Strict-Transport-Security', b'max-age=31536000')])
2026-09-10 21:10:03,267 - INFO - HTTP Request: HEAD https://huggingface.co/Abhiram4/PlantDiseaseDetectorVit2/resolve/main/processor_config.json "HTTP/1.1 404 Not Found"
2026-09-10 21:10:03,268 - DEBUG - receive_response_body.started request=<Request [b'HEAD']>
2026-09-10 21:10:03,268 - DEBUG - receive_response_body.complete
2026-09-10 21:10:03,268 - DEBUG - response_closed.started
2026-09-10 21:10:03,268 - DEBUG - response_closed.complete
2026-09-10 21:10:03,273 - DEBUG - send_request_headers.started request=<Request [b'HEAD']>
2026-09-10 21:10:03,274 - DEBUG - send_request_headers.complete
2026-09-10 21:10:03,274 - DEBUG - send_request_body.started request=<Request [b'HEAD']>
2026-09-10 21:10:03,274 - DEBUG - send_request_body.complete
2026-09-10 21:10:03,275 - DEBUG - receive_response_headers.started request=<Request [b'HEAD']>
2026-09-10 21:10:03,664 - DEBUG - receive_response_headers.complete return_value=(b'HTTP/1.1', 307, b'Temporary Redirect', [(b'Content-Type', b'text/plain; charset=utf-8'), (b'Content-Length', b'296'), (b'Connection', b'keep-alive'), (b'Date', b'Thu, 10 Sep 2026 15:40:03 GMT'), (b'Location', b'/api/resolve-cache/models/Abhiram4/PlantDiseaseDetectorVit2/f298e427f91f83596786fe6b5b774539b3c9b337/preprocessor_config.json?%2FAbhiram4%2FPlantDiseaseDetectorVit2%2Fresolve%2Fmain%2Fpreprocessor_config.json=&etag=%22273d24924a8bd10227b532d603484f165dcb0b5d%22'), (b'X-Powered-By', b'huggingface-moon'), (b'X-Request-Id', b'Root=1-6aa2cf53-6d6194054417e65033a1eed1;c8cb3285-cc59-4a71-b593-4d1841495f21'), (b'RateLimit', b'"resolvers";r=2997;t=206'), (b'RateLimit-Policy', b'"fixed window";"resolvers";q=3000;w=300'), (b'cross-origin-opener-policy', b'same-origin'), (b'Referrer-Policy', b'strict-origin-when-cross-origin'), (b'Access-Control-Max-Age', b'86400'), (b'Access-Control-Allow-Origin', b'https://huggingface.co'), (b'Vary', b'Origin, Accept'), (b'Access-Control-Expose-Headers', b'X-Repo-Commit,X-Request-Id,X-Error-Code,X-Error-Message,X-Total-Count,ETag,Link,Accept-Ranges,Content-Range,X-Linked-Size,X-Linked-ETag,X-Xet-Hash'), (b'X-Repo-Commit', b'f298e427f91f83596786fe6b5b774539b3c9b337'), (b'Accept-Ranges', b'bytes'), (b'X-Hub-Cache', b'MISS'), (b'Content-Disposition', b'inline; filename*=UTF-8\'\'preprocessor_config.json; filename="preprocessor_config.json";'), (b'Content-Security-Policy', b"default-src 'none'; sandbox"), (b'X-Linked-ETag', b'"273d24924a8bd10227b532d603484f165dcb0b5d"'), (b'X-Cache', b'Miss from cloudfront'), (b'Via', b'1.1 f0b0b757bda5d486a2538debdf4d2396.cloudfront.net (CloudFront)'), (b'X-Amz-Cf-Pop', b'MAA51-P3'), (b'X-Amz-Cf-Id', b'EePzDb41m8WVDJk0R_TKNk5C2QECwKljKziBMDA54kDpwi-zWLbXfw=='), (b'Strict-Transport-Security', b'max-age=31536000')])
2026-09-10 21:10:03,665 - INFO - HTTP Request: HEAD https://huggingface.co/Abhiram4/PlantDiseaseDetectorVit2/resolve/main/preprocessor_config.json "HTTP/1.1 307 Temporary Redirect"
2026-09-10 21:10:03,665 - DEBUG - receive_response_body.started request=<Request [b'HEAD']>
2026-09-10 21:10:03,665 - DEBUG - receive_response_body.complete
2026-09-10 21:10:03,665 - DEBUG - response_closed.started
2026-09-10 21:10:03,666 - DEBUG - response_closed.complete
2026-09-10 21:10:03,666 - DEBUG - send_request_headers.started request=<Request [b'HEAD']>
2026-09-10 21:10:03,666 - DEBUG - send_request_headers.complete
2026-09-10 21:10:03,667 - DEBUG - send_request_body.started request=<Request [b'HEAD']>
2026-09-10 21:10:03,667 - DEBUG - send_request_body.complete
2026-09-10 21:10:03,667 - DEBUG - receive_response_headers.started request=<Request [b'HEAD']>
2026-09-10 21:10:03,869 - DEBUG - receive_response_headers.complete return_value=(b'HTTP/1.1', 200, b'OK', [(b'Content-Type', b'text/plain; charset=utf-8'), (b'Content-Length', b'325'), (b'Connection', b'keep-alive'), (b'Date', b'Mon, 07 Sep 2026 12:58:20 GMT'), (b'ETag', b'"273d24924a8bd10227b532d603484f165dcb0b5d"'), (b'X-Powered-By', b'huggingface-moon'), (b'X-Request-Id', b'Root=1-6a9eb4ec-1966f7d11c3bca4c38c5238d;0b9e8813-1192-48cf-80fd-e1b65cae8316'), (b'RateLimit', b'"resolvers";r=2994;t=10'), (b'RateLimit-Policy', b'"fixed window";"resolvers";q=3000;w=300'), (b'cross-origin-opener-policy', b'same-origin'), (b'Referrer-Policy', b'strict-origin-when-cross-origin'), (b'Access-Control-Max-Age', b'86400'), (b'Access-Control-Allow-Origin', b'https://huggingface.co'), (b'Access-Control-Expose-Headers', b'X-Repo-Commit,X-Request-Id,X-Error-Code,X-Error-Message,X-Total-Count,ETag,Link,Accept-Ranges,Content-Range,X-Linked-Size,X-Linked-ETag,X-Xet-Hash'), (b'X-Repo-Commit', b'f298e427f91f83596786fe6b5b774539b3c9b337'), (b'Accept-Ranges', b'bytes'), (b'X-Hub-Cache', b'MISS'), (b'Content-Disposition', b'inline; filename*=UTF-8\'\'preprocessor_config.json; filename="preprocessor_config.json";'), (b'Content-Security-Policy', b"default-src 'none'; sandbox"), (b'Vary', b'Origin'), (b'X-Cache', b'Hit from cloudfront'), (b'Via', b'1.1 f0b0b757bda5d486a2538debdf4d2396.cloudfront.net (CloudFront)'), (b'X-Amz-Cf-Pop', b'MAA51-P3'), (b'X-Amz-Cf-Id', b'8P_CkRrAOrq95wyk3Enn4D2OFLL-3zuo07wBuRFqGk6Omwu2OEvzQQ=='), (b'Age', b'268903'), (b'Strict-Transport-Security', b'max-age=31536000')])
2026-09-10 21:10:03,870 - INFO - HTTP Request: HEAD https://huggingface.co/api/resolve-cache/models/Abhiram4/PlantDiseaseDetectorVit2/f298e427f91f83596786fe6b5b774539b3c9b337/preprocessor_config.json?%2FAbhiram4%2FPlantDiseaseDetectorVit2%2Fresolve%2Fmain%2Fpreprocessor_config.json=&etag=%22273d24924a8bd10227b532d603484f165dcb0b5d%22 "HTTP/1.1 200 OK"
2026-09-10 21:10:03,870 - DEBUG - receive_response_body.started request=<Request [b'HEAD']>
2026-09-10 21:10:03,871 - DEBUG - receive_response_body.complete
2026-09-10 21:10:03,871 - DEBUG - response_closed.started
2026-09-10 21:10:03,871 - DEBUG - response_closed.complete
2026-09-10 21:10:03,877 - DEBUG - send_request_headers.started request=<Request [b'HEAD']>
2026-09-10 21:10:03,877 - DEBUG - send_request_headers.complete
2026-09-10 21:10:03,877 - DEBUG - send_request_body.started request=<Request [b'HEAD']>
2026-09-10 21:10:03,878 - DEBUG - send_request_body.complete
2026-09-10 21:10:03,878 - DEBUG - receive_response_headers.started request=<Request [b'HEAD']>
2026-09-10 21:10:04,187 - DEBUG - receive_response_headers.complete return_value=(b'HTTP/1.1', 404, b'Not Found', [(b'Content-Type', b'text/plain; charset=utf-8'), (b'Content-Length', b'15'), (b'Connection', b'keep-alive'), (b'Date', b'Thu, 10 Sep 2026 15:40:04 GMT'), (b'ETag', b'W/"f-mY2VvLxuxB7KhsoOdQTlMTccuAQ"'), (b'X-Powered-By', b'huggingface-moon'), (b'X-Request-Id', b'Root=1-6aa2cf54-6410e01a530156945dd64985;2287749f-11e4-4ed7-9a4f-f5377b9b9bb5'), (b'RateLimit', b'"resolvers";r=2996;t=205'), (b'RateLimit-Policy', b'"fixed window";"resolvers";q=3000;w=300'), (b'cross-origin-opener-policy', b'same-origin'), (b'Referrer-Policy', b'strict-origin-when-cross-origin'), (b'Access-Control-Max-Age', b'86400'), (b'Access-Control-Allow-Origin', b'https://huggingface.co'), (b'Vary', b'Origin'), (b'Access-Control-Expose-Headers', b'X-Repo-Commit,X-Request-Id,X-Error-Code,X-Error-Message,X-Total-Count,ETag,Link,Accept-Ranges,Content-Range,X-Linked-Size,X-Linked-ETag,X-Xet-Hash'), (b'X-Repo-Commit', b'f298e427f91f83596786fe6b5b774539b3c9b337'), (b'Accept-Ranges', b'bytes'), (b'X-Hub-Cache', b'MISS'), (b'X-Error-Code', b'EntryNotFound'), (b'X-Error-Message', b'Entry not found'), (b'X-Cache', b'Error from cloudfront'), (b'Via', b'1.1 f0b0b757bda5d486a2538debdf4d2396.cloudfront.net (CloudFront)'), (b'X-Amz-Cf-Pop', b'MAA51-P3'), (b'X-Amz-Cf-Id', b'R0MNz9C6d-nTl7Yaw9hrl9axvl6AtRndZCTLXLMhqm3km3wUXbE7IQ=='), (b'Strict-Transport-Security', b'max-age=31536000')])
2026-09-10 21:10:04,188 - INFO - HTTP Request: HEAD https://huggingface.co/Abhiram4/PlantDiseaseDetectorVit2/resolve/main/processor_config.json "HTTP/1.1 404 Not Found"
2026-09-10 21:10:04,188 - DEBUG - receive_response_body.started request=<Request [b'HEAD']>
2026-09-10 21:10:04,188 - DEBUG - receive_response_body.complete
2026-09-10 21:10:04,188 - DEBUG - response_closed.started
2026-09-10 21:10:04,188 - DEBUG - response_closed.complete
2026-09-10 21:10:04,192 - DEBUG - send_request_headers.started request=<Request [b'HEAD']>
2026-09-10 21:10:04,193 - DEBUG - send_request_headers.complete
2026-09-10 21:10:04,193 - DEBUG - send_request_body.started request=<Request [b'HEAD']>
2026-09-10 21:10:04,194 - DEBUG - send_request_body.complete
2026-09-10 21:10:04,194 - DEBUG - receive_response_headers.started request=<Request [b'HEAD']>
2026-09-10 21:10:04,483 - DEBUG - receive_response_headers.complete return_value=(b'HTTP/1.1', 307, b'Temporary Redirect', [(b'Content-Type', b'text/plain; charset=utf-8'), (b'Content-Length', b'296'), (b'Connection', b'keep-alive'), (b'Date', b'Thu, 10 Sep 2026 15:40:04 GMT'), (b'Location', b'/api/resolve-cache/models/Abhiram4/PlantDiseaseDetectorVit2/f298e427f91f83596786fe6b5b774539b3c9b337/preprocessor_config.json?%2FAbhiram4%2FPlantDiseaseDetectorVit2%2Fresolve%2Fmain%2Fpreprocessor_config.json=&etag=%22273d24924a8bd10227b532d603484f165dcb0b5d%22'), (b'X-Powered-By', b'huggingface-moon'), (b'X-Request-Id', b'Root=1-6aa2cf54-23dfd4a20168a3136e8ebc02;24b466e0-91c9-4750-aa57-8b078aa69c0a'), (b'RateLimit', b'"resolvers";r=2995;t=205'), (b'RateLimit-Policy', b'"fixed window";"resolvers";q=3000;w=300'), (b'cross-origin-opener-policy', b'same-origin'), (b'Referrer-Policy', b'strict-origin-when-cross-origin'), (b'Access-Control-Max-Age', b'86400'), (b'Access-Control-Allow-Origin', b'https://huggingface.co'), (b'Vary', b'Origin, Accept'), (b'Access-Control-Expose-Headers', b'X-Repo-Commit,X-Request-Id,X-Error-Code,X-Error-Message,X-Total-Count,ETag,Link,Accept-Ranges,Content-Range,X-Linked-Size,X-Linked-ETag,X-Xet-Hash'), (b'X-Repo-Commit', b'f298e427f91f83596786fe6b5b774539b3c9b337'), (b'Accept-Ranges', b'bytes'), (b'X-HF-Warning', b'unauthenticated; Warning: You are sending unauthenticated requests to the HF Hub. Please set a HF_TOKEN to enable higher rate limits and faster downloads.'), (b'X-Hub-Cache', b'MISS'), (b'Content-Disposition', b'inline; filename*=UTF-8\'\'preprocessor_config.json; filename="preprocessor_config.json";'), (b'Content-Security-Policy', b"default-src 'none'; sandbox"), (b'X-Linked-ETag', b'"273d24924a8bd10227b532d603484f165dcb0b5d"'), (b'X-Cache', b'Miss from cloudfront'), (b'Via', b'1.1 f0b0b757bda5d486a2538debdf4d2396.cloudfront.net (CloudFront)'), (b'X-Amz-Cf-Pop', b'MAA51-P3'), (b'X-Amz-Cf-Id', b'SStN5WSL5SusvwJ8_oW1Lqcw4URQ8jn1SJ7dD-DeiYHLjbzUnQ0SBA=='), (b'Strict-Transport-Security', b'max-age=31536000')])
2026-09-10 21:10:04,484 - INFO - HTTP Request: HEAD https://huggingface.co/Abhiram4/PlantDiseaseDetectorVit2/resolve/main/preprocessor_config.json "HTTP/1.1 307 Temporary Redirect"
2026-09-10 21:10:04,484 - DEBUG - receive_response_body.started request=<Request [b'HEAD']>
2026-09-10 21:10:04,484 - DEBUG - receive_response_body.complete
2026-09-10 21:10:04,485 - DEBUG - response_closed.started
2026-09-10 21:10:04,485 - DEBUG - response_closed.complete
2026-09-10 21:10:04,485 - DEBUG - send_request_headers.started request=<Request [b'HEAD']>
2026-09-10 21:10:04,485 - DEBUG - send_request_headers.complete
2026-09-10 21:10:04,486 - DEBUG - send_request_body.started request=<Request [b'HEAD']>
2026-09-10 21:10:04,486 - DEBUG - send_request_body.complete
2026-09-10 21:10:04,486 - DEBUG - receive_response_headers.started request=<Request [b'HEAD']>
2026-09-10 21:10:04,586 - DEBUG - receive_response_headers.complete return_value=(b'HTTP/1.1', 200, b'OK', [(b'Content-Type', b'text/plain; charset=utf-8'), (b'Content-Length', b'325'), (b'Connection', b'keep-alive'), (b'Date', b'Mon, 07 Sep 2026 12:58:20 GMT'), (b'ETag', b'"273d24924a8bd10227b532d603484f165dcb0b5d"'), (b'X-Powered-By', b'huggingface-moon'), (b'X-Request-Id', b'Root=1-6a9eb4ec-1966f7d11c3bca4c38c5238d;0b9e8813-1192-48cf-80fd-e1b65cae8316'), (b'RateLimit', b'"resolvers";r=2994;t=10'), (b'RateLimit-Policy', b'"fixed window";"resolvers";q=3000;w=300'), (b'cross-origin-opener-policy', b'same-origin'), (b'Referrer-Policy', b'strict-origin-when-cross-origin'), (b'Access-Control-Max-Age', b'86400'), (b'Access-Control-Allow-Origin', b'https://huggingface.co'), (b'Access-Control-Expose-Headers', b'X-Repo-Commit,X-Request-Id,X-Error-Code,X-Error-Message,X-Total-Count,ETag,Link,Accept-Ranges,Content-Range,X-Linked-Size,X-Linked-ETag,X-Xet-Hash'), (b'X-Repo-Commit', b'f298e427f91f83596786fe6b5b774539b3c9b337'), (b'Accept-Ranges', b'bytes'), (b'X-Hub-Cache', b'MISS'), (b'Content-Disposition', b'inline; filename*=UTF-8\'\'preprocessor_config.json; filename="preprocessor_config.json";'), (b'Content-Security-Policy', b"default-src 'none'; sandbox"), (b'Vary', b'Origin'), (b'X-Cache', b'Hit from cloudfront'), (b'Via', b'1.1 f0b0b757bda5d486a2538debdf4d2396.cloudfront.net (CloudFront)'), (b'X-Amz-Cf-Pop', b'MAA51-P3'), (b'X-Amz-Cf-Id', b'tyvaj5YyoR_ULUaLFwsgjc7nFhYFPpvE6exMvVU3TvmOyk5nbWHJrQ=='), (b'Age', b'268904'), (b'Strict-Transport-Security', b'max-age=31536000')])
2026-09-10 21:10:04,586 - INFO - HTTP Request: HEAD https://huggingface.co/api/resolve-cache/models/Abhiram4/PlantDiseaseDetectorVit2/f298e427f91f83596786fe6b5b774539b3c9b337/preprocessor_config.json?%2FAbhiram4%2FPlantDiseaseDetectorVit2%2Fresolve%2Fmain%2Fpreprocessor_config.json=&etag=%22273d24924a8bd10227b532d603484f165dcb0b5d%22 "HTTP/1.1 200 OK"
2026-09-10 21:10:04,586 - DEBUG - receive_response_body.started request=<Request [b'HEAD']>
2026-09-10 21:10:04,586 - DEBUG - receive_response_body.complete
2026-09-10 21:10:04,587 - DEBUG - response_closed.started
2026-09-10 21:10:04,587 - DEBUG - response_closed.complete
2026-09-10 21:10:04,589 - DEBUG - send_request_headers.started request=<Request [b'HEAD']>
2026-09-10 21:10:04,590 - DEBUG - send_request_headers.complete
2026-09-10 21:10:04,590 - DEBUG - send_request_body.started request=<Request [b'HEAD']>
2026-09-10 21:10:04,590 - DEBUG - send_request_body.complete
2026-09-10 21:10:04,590 - DEBUG - receive_response_headers.started request=<Request [b'HEAD']>
2026-09-10 21:10:04,892 - DEBUG - receive_response_headers.complete return_value=(b'HTTP/1.1', 404, b'Not Found', [(b'Content-Type', b'text/plain; charset=utf-8'), (b'Content-Length', b'15'), (b'Connection', b'keep-alive'), (b'Date', b'Thu, 10 Sep 2026 15:40:04 GMT'), (b'ETag', b'W/"f-mY2VvLxuxB7KhsoOdQTlMTccuAQ"'), (b'X-Powered-By', b'huggingface-moon'), (b'X-Request-Id', b'Root=1-6aa2cf54-4427563e541236c55f8032ab;4316f26d-782b-4137-b1a5-5ed8a14c8a16'), (b'RateLimit', b'"resolvers";r=2994;t=205'), (b'RateLimit-Policy', b'"fixed window";"resolvers";q=3000;w=300'), (b'cross-origin-opener-policy', b'same-origin'), (b'Referrer-Policy', b'strict-origin-when-cross-origin'), (b'Access-Control-Max-Age', b'86400'), (b'Access-Control-Allow-Origin', b'https://huggingface.co'), (b'Vary', b'Origin'), (b'Access-Control-Expose-Headers', b'X-Repo-Commit,X-Request-Id,X-Error-Code,X-Error-Message,X-Total-Count,ETag,Link,Accept-Ranges,Content-Range,X-Linked-Size,X-Linked-ETag,X-Xet-Hash'), (b'X-Repo-Commit', b'f298e427f91f83596786fe6b5b774539b3c9b337'), (b'Accept-Ranges', b'bytes'), (b'X-HF-Warning', b'unauthenticated; Warning: You are sending unauthenticated requests to the HF Hub. Please set a HF_TOKEN to enable higher rate limits and faster downloads.'), (b'X-Hub-Cache', b'MISS'), (b'X-Error-Code', b'EntryNotFound'), (b'X-Error-Message', b'Entry not found'), (b'X-Cache', b'Error from cloudfront'), (b'Via', b'1.1 f0b0b757bda5d486a2538debdf4d2396.cloudfront.net (CloudFront)'), (b'X-Amz-Cf-Pop', b'MAA51-P3'), (b'X-Amz-Cf-Id', b'QZoNvCEKsd-RNA7-HQgMVmaLoT7KB3odVyjP5DmKMugPEmBU7juQpA=='), (b'Strict-Transport-Security', b'max-age=31536000')])
2026-09-10 21:10:04,893 - INFO - HTTP Request: HEAD https://huggingface.co/Abhiram4/PlantDiseaseDetectorVit2/resolve/main/processor_config.json "HTTP/1.1 404 Not Found"
2026-09-10 21:10:04,893 - DEBUG - receive_response_body.started request=<Request [b'HEAD']>
2026-09-10 21:10:04,893 - DEBUG - receive_response_body.complete
2026-09-10 21:10:04,893 - DEBUG - response_closed.started
2026-09-10 21:10:04,894 - DEBUG - response_closed.complete
2026-09-10 21:10:04,895 - DEBUG - send_request_headers.started request=<Request [b'HEAD']>
2026-09-10 21:10:04,896 - DEBUG - send_request_headers.complete
2026-09-10 21:10:04,896 - DEBUG - send_request_body.started request=<Request [b'HEAD']>
2026-09-10 21:10:04,896 - DEBUG - send_request_body.complete
2026-09-10 21:10:04,896 - DEBUG - receive_response_headers.started request=<Request [b'HEAD']>
2026-09-10 21:10:04,965 - INFO - 127.0.0.1 - - [10/Sep/2026 21:10:04] "[32mGET / HTTP/1.1[0m" 302 -
2026-09-10 21:10:04,968 - INFO - 127.0.0.1 - - [10/Sep/2026 21:10:04] "GET /signin HTTP/1.1" 200 -
2026-09-10 21:10:05,202 - DEBUG - receive_response_headers.complete return_value=(b'HTTP/1.1', 404, b'Not Found', [(b'Content-Type', b'text/plain; charset=utf-8'), (b'Content-Length', b'15'), (b'Connection', b'keep-alive'), (b'Date', b'Thu, 10 Sep 2026 15:40:05 GMT'), (b'ETag', b'W/"f-mY2VvLxuxB7KhsoOdQTlMTccuAQ"'), (b'X-Powered-By', b'huggingface-moon'), (b'X-Request-Id', b'Root=1-6aa2cf55-08a386f3621dbd932a44af56;41aa594d-0d63-4a2f-889b-35547b3859e4'), (b'RateLimit', b'"resolvers";r=2993;t=204'), (b'RateLimit-Policy', b'"fixed window";"resolvers";q=3000;w=300'), (b'cross-origin-opener-policy', b'same-origin'), (b'Referrer-Policy', b'strict-origin-when-cross-origin'), (b'Access-Control-Max-Age', b'86400'), (b'Access-Control-Allow-Origin', b'https://huggingface.co'), (b'Vary', b'Origin'), (b'Access-Control-Expose-Headers', b'X-Repo-Commit,X-Request-Id,X-Error-Code,X-Error-Message,X-Total-Count,ETag,Link,Accept-Ranges,Content-Range,X-Linked-Size,X-Linked-ETag,X-Xet-Hash'), (b'X-Repo-Commit', b'f298e427f91f83596786fe6b5b774539b3c9b337'), (b'Accept-Ranges', b'bytes'), (b'X-HF-Warning', b'unauthenticated; Warning: You are sending unauthenticated requests to the HF Hub. Please set a HF_TOKEN to enable higher rate limits and faster downloads.'), (b'X-Hub-Cache', b'MISS'), (b'X-Error-Code', b'EntryNotFound'), (b'X-Error-Message', b'Entry not found'), (b'X-Cache', b'Error from cloudfront'), (b'Via', b'1.1 f0b0b757bda5d486a2538debdf4d2396.cloudfront.net (CloudFront)'), (b'X-Amz-Cf-Pop', b'MAA51-P3'), (b'X-Amz-Cf-Id', b'TqNd7pFtcuIlBKJTrxLRKfUQYILvcrJOkL-2TXAV_6dGz2n8Bxp7_w=='), (b'Strict-Transport-Security', b'max-age=31536000')])
2026-09-10 21:10:05,203 - INFO - HTTP Request: HEAD https://huggingface.co/Abhiram4/PlantDiseaseDetectorVit2/resolve/main/video_preprocessor_config.json "HTTP/1.1 404 Not Found"
2026-09-10 21:10:05,204 - DEBUG - receive_response_body.started request=<Request [b'HEAD']>
2026-09-10 21:10:05,204 - DEBUG - receive_response_body.complete
2026-09-10 21:10:05,204 - DEBUG - response_closed.started
2026-09-10 21:10:05,205 - DEBUG - response_closed.complete
2026-09-10 21:10:05,211 - DEBUG - send_request_headers.started request=<Request [b'HEAD']>
2026-09-10 21:10:05,211 - DEBUG - send_request_headers.complete
2026-09-10 21:10:05,212 - DEBUG - send_request_body.started request=<Request [b'HEAD']>
2026-09-10 21:10:05,212 - DEBUG - send_request_body.complete
2026-09-10 21:10:05,212 - DEBUG - receive_response_headers.started request=<Request [b'HEAD']>
2026-09-10 21:10:05,520 - DEBUG - receive_response_headers.complete return_value=(b'HTTP/1.1', 307, b'Temporary Redirect', [(b'Content-Type', b'text/plain; charset=utf-8'), (b'Content-Length', b'296'), (b'Connection', b'keep-alive'), (b'Date', b'Thu, 10 Sep 2026 15:40:05 GMT'), (b'Location', b'/api/resolve-cache/models/Abhiram4/PlantDiseaseDetectorVit2/f298e427f91f83596786fe6b5b774539b3c9b337/preprocessor_config.json?%2FAbhiram4%2FPlantDiseaseDetectorVit2%2Fresolve%2Fmain%2Fpreprocessor_config.json=&etag=%22273d24924a8bd10227b532d603484f165dcb0b5d%22'), (b'X-Powered-By', b'huggingface-moon'), (b'X-Request-Id', b'Root=1-6aa2cf55-79c9194c1e9404434b7e239a;62f515cc-dfea-424c-ab99-a669162f1bd2'), (b'RateLimit', b'"resolvers";r=2992;t=204'), (b'RateLimit-Policy', b'"fixed window";"resolvers";q=3000;w=300'), (b'cross-origin-opener-policy', b'same-origin'), (b'Referrer-Policy', b'strict-origin-when-cross-origin'), (b'Access-Control-Max-Age', b'86400'), (b'Access-Control-Allow-Origin', b'https://huggingface.co'), (b'Vary', b'Origin, Accept'), (b'Access-Control-Expose-Headers', b'X-Repo-Commit,X-Request-Id,X-Error-Code,X-Error-Message,X-Total-Count,ETag,Link,Accept-Ranges,Content-Range,X-Linked-Size,X-Linked-ETag,X-Xet-Hash'), (b'X-Repo-Commit', b'f298e427f91f83596786fe6b5b774539b3c9b337'), (b'Accept-Ranges', b'bytes'), (b'X-HF-Warning', b'unauthenticated; Warning: You are sending unauthenticated requests to the HF Hub. Please set a HF_TOKEN to enable higher rate limits and faster downloads.'), (b'X-Hub-Cache', b'MISS'), (b'Content-Disposition', b'inline; filename*=UTF-8\'\'preprocessor_config.json; filename="preprocessor_config.json";'), (b'Content-Security-Policy', b"default-src 'none'; sandbox"), (b'X-Linked-ETag', b'"273d24924a8bd10227b532d603484f165dcb0b5d"'), (b'X-Cache', b'Miss from cloudfront'), (b'Via', b'1.1 f0b0b757bda5d486a2538debdf4d2396.cloudfront.net (CloudFront)'), (b'X-Amz-Cf-Pop', b'MAA51-P3'), (b'X-Amz-Cf-Id', b'p-DxIKBP3mR_c3X6NhQZLStxCxVNNcH1zxwpuXnnxtGtGaec9mu2QQ=='), (b'Strict-Transport-Security', b'max-age=31536000')])
2026-09-10 21:10:05,521 - INFO - HTTP Request: HEAD https://huggingface.co/Abhiram4/PlantDiseaseDetectorVit2/resolve/main/preprocessor_config.json "HTTP/1.1 307 Temporary Redirect"
2026-09-10 21:10:05,524 - DEBUG - receive_response_body.started request=<Request [b'HEAD']>
2026-09-10 21:10:05,524 - DEBUG - receive_response_body.complete
2026-09-10 21:10:05,525 - DEBUG - response_closed.started
2026-09-10 21:10:05,525 - DEBUG - response_closed.complete
2026-09-10 21:10:05,527 - DEBUG - send_request_headers.started request=<Request [b'HEAD']>
2026-09-10 21:10:05,528 - DEBUG - send_request_headers.complete
2026-09-10 21:10:05,528 - DEBUG - send_request_body.started request=<Request [b'HEAD']>
2026-09-10 21:10:05,528 - DEBUG - send_request_body.complete
2026-09-10 21:10:05,529 - DEBUG - receive_response_headers.started request=<Request [b'HEAD']>
2026-09-10 21:10:05,610 - DEBUG - receive_response_headers.complete return_value=(b'HTTP/1.1', 200, b'OK', [(b'Content-Type', b'text/plain; charset=utf-8'), (b'Content-Length', b'325'), (b'Connection', b'keep-alive'), (b'Date', b'Mon, 07 Sep 2026 12:58:20 GMT'), (b'ETag', b'"273d24924a8bd10227b532d603484f165dcb0b5d"'), (b'X-Powered-By', b'huggingface-moon'), (b'X-Request-Id', b'Root=1-6a9eb4ec-1966f7d11c3bca4c38c5238d;0b9e8813-1192-48cf-80fd-e1b65cae8316'), (b'RateLimit', b'"resolvers";r=2994;t=10'), (b'RateLimit-Policy', b'"fixed window";"resolvers";q=3000;w=300'), (b'cross-origin-opener-policy', b'same-origin'), (b'Referrer-Policy', b'strict-origin-when-cross-origin'), (b'Access-Control-Max-Age', b'86400'), (b'Access-Control-Allow-Origin', b'https://huggingface.co'), (b'Access-Control-Expose-Headers', b'X-Repo-Commit,X-Request-Id,X-Error-Code,X-Error-Message,X-Total-Count,ETag,Link,Accept-Ranges,Content-Range,X-Linked-Size,X-Linked-ETag,X-Xet-Hash'), (b'X-Repo-Commit', b'f298e427f91f83596786fe6b5b774539b3c9b337'), (b'Accept-Ranges', b'bytes'), (b'X-Hub-Cache', b'MISS'), (b'Content-Disposition', b'inline; filename*=UTF-8\'\'preprocessor_config.json; filename="preprocessor_config.json";'), (b'Content-Security-Policy', b"default-src 'none'; sandbox"), (b'Vary', b'Origin'), (b'X-Cache', b'Hit from cloudfront'), (b'Via', b'1.1 f0b0b757bda5d486a2538debdf4d2396.cloudfront.net (CloudFront)'), (b'X-Amz-Cf-Pop', b'MAA51-P3'), (b'X-Amz-Cf-Id', b'V8pUXsYaubUS85Lv3Yk8ElWoLJihLAkYAjfGSK9bunV5sLUPRvsw4Q=='), (b'Age', b'268905'), (b'Strict-Transport-Security', b'max-age=31536000')])
2026-09-10 21:10:05,612 - INFO - HTTP Request: HEAD https://huggingface.co/api/resolve-cache/models/Abhiram4/PlantDiseaseDetectorVit2/f298e427f91f83596786fe6b5b774539b3c9b337/preprocessor_config.json?%2FAbhiram4%2FPlantDiseaseDetectorVit2%2Fresolve%2Fmain%2Fpreprocessor_config.json=&etag=%22273d24924a8bd10227b532d603484f165dcb0b5d%22 "HTTP/1.1 200 OK"
2026-09-10 21:10:05,612 - DEBUG - receive_response_body.started request=<Request [b'HEAD']>
2026-09-10 21:10:05,613 - DEBUG - receive_response_body.complete
2026-09-10 21:10:05,613 - DEBUG - response_closed.started
2026-09-10 21:10:05,613 - DEBUG - response_closed.complete
2026-09-10 21:10:05,619 - INFO - Image classification pipeline initialized.
2026-09-10 21:10:05,620 - INFO - Disease descriptions loaded from JSON.
2026-09-10 21:10:05,654 - INFO - [31m[1mWARNING: This is a development server. Do not use it in a production deployment. Use a production WSGI server instead.[0m
 * Running on http://127.0.0.1:5000
2026-09-10 21:10:05,654 - INFO - [33mPress CTRL+C to quit[0m
2026-09-10 21:10:05,655 - INFO -  * Restarting with stat
2026-09-10 21:10:08,633 - INFO - 127.0.0.1 - - [10/Sep/2026 21:10:08] "[32mGET / HTTP/1.1[0m" 302 -
2026-09-10 21:10:08,649 - INFO - 127.0.0.1 - - [10/Sep/2026 21:10:08] "GET /index HTTP/1.1" 200 -
2026-09-10 21:10:08,725 - INFO - 127.0.0.1 - - [10/Sep/2026 21:10:08] "[36mGET /static/css/dashmix.min.css HTTP/1.1[0m" 304 -
2026-09-10 21:10:08,728 - INFO - 127.0.0.1 - - [10/Sep/2026 21:10:08] "[36mGET /static/js/setTheme.js HTTP/1.1[0m" 304 -
2026-09-10 21:10:08,730 - INFO - 127.0.0.1 - - [10/Sep/2026 21:10:08] "[36mGET /static/media/photos/placeholder2.png HTTP/1.1[0m" 304 -
2026-09-10 21:10:08,734 - INFO - 127.0.0.1 - - [10/Sep/2026 21:10:08] "[36mGET /static/media/photos/photo21@2x.jpg HTTP/1.1[0m" 304 -
2026-09-10 21:10:08,744 - INFO - 127.0.0.1 - - [10/Sep/2026 21:10:08] "[36mGET /static/media/photos/photo23@2x.jpg HTTP/1.1[0m" 304 -
2026-09-10 21:10:08,745 - INFO - 127.0.0.1 - - [10/Sep/2026 21:10:08] "[36mGET /static/media/photos/photo13@2x.jpg HTTP/1.1[0m" 304 -
2026-09-10 21:10:08,766 - INFO - 127.0.0.1 - - [10/Sep/2026 21:10:08] "[36mGET /static/js/dashmix.app.min.js HTTP/1.1[0m" 304 -
2026-09-10 21:10:08,768 - INFO - 127.0.0.1 - - [10/Sep/2026 21:10:08] "[36mGET /static/js/lib/jquery.min.js HTTP/1.1[0m" 304 -
2026-09-10 21:10:08,771 - INFO - 127.0.0.1 - - [10/Sep/2026 21:10:08] "[36mGET /static/js/plugins/jquery-countdown/jquery.countdown.min.js HTTP/1.1[0m" 304 -
2026-09-10 21:10:08,773 - INFO - 127.0.0.1 - - [10/Sep/2026 21:10:08] "[36mGET /static/js/pages/op_coming_soon.min.js HTTP/1.1[0m" 304 -
2026-09-10 21:10:08,780 - INFO - 127.0.0.1 - - [10/Sep/2026 21:10:08] "[36mGET /static/media/photos/re-1.png HTTP/1.1[0m" 304 -
2026-09-10 21:10:08,782 - INFO - 127.0.0.1 - - [10/Sep/2026 21:10:08] "[36mGET /static/media/photos/re-2.png HTTP/1.1[0m" 304 -
2026-09-10 21:10:08,783 - INFO - 127.0.0.1 - - [10/Sep/2026 21:10:08] "[36mGET /static/media/photos/re-3.png HTTP/1.1[0m" 304 -
2026-09-10 21:10:08,787 - INFO - 127.0.0.1 - - [10/Sep/2026 21:10:08] "[36mGET /static/media/photos/photo17@2x.jpg HTTP/1.1[0m" 304 -
2026-09-10 21:10:08,865 - INFO - 127.0.0.1 - - [10/Sep/2026 21:10:08] "[36mGET /static/fonts/inter/inter-v18-latin-700.woff2 HTTP/1.1[0m" 304 -
2026-09-10 21:10:08,866 - INFO - 127.0.0.1 - - [10/Sep/2026 21:10:08] "[36mGET /static/fonts/inter/inter-v18-latin-regular.woff2 HTTP/1.1[0m" 304 -
2026-09-10 21:10:08,869 - INFO - 127.0.0.1 - - [10/Sep/2026 21:10:08] "[36mGET /static/fonts/inter/inter-v18-latin-600.woff2 HTTP/1.1[0m" 304 -
2026-09-10 21:10:08,872 - INFO - 127.0.0.1 - - [10/Sep/2026 21:10:08] "[36mGET /static/fonts/inter/inter-v18-latin-300.woff2 HTTP/1.1[0m" 304 -
2026-09-10 21:10:10,505 - DEBUG - connect_tcp.started host='huggingface.co' port=443 local_address=None timeout=10 socket_options=None
2026-09-10 21:10:10,577 - DEBUG - connect_tcp.complete return_value=<httpcore._backends.sync.SyncStream object at 0x0000026A7E5927B0>
2026-09-10 21:10:10,577 - DEBUG - start_tls.started ssl_context=<ssl.SSLContext object at 0x0000026A7E3E2C30> server_hostname='huggingface.co' timeout=10
2026-09-10 21:10:10,682 - DEBUG - start_tls.complete return_value=<httpcore._backends.sync.SyncStream object at 0x0000026A6E910550>
2026-09-10 21:10:10,683 - DEBUG - send_request_headers.started request=<Request [b'HEAD']>
2026-09-10 21:10:10,684 - DEBUG - send_request_headers.complete
2026-09-10 21:10:10,684 - DEBUG - send_request_body.started request=<Request [b'HEAD']>
2026-09-10 21:10:10,684 - DEBUG - send_request_body.complete
2026-09-10 21:10:10,684 - DEBUG - receive_response_headers.started request=<Request [b'HEAD']>
2026-09-10 21:10:10,992 - DEBUG - receive_response_headers.complete return_value=(b'HTTP/1.1', 307, b'Temporary Redirect', [(b'Content-Type', b'text/plain; charset=utf-8'), (b'Content-Length', b'270'), (b'Connection', b'keep-alive'), (b'Date', b'Thu, 10 Sep 2026 15:40:10 GMT'), (b'Location', b'/api/resolve-cache/models/Abhiram4/PlantDiseaseDetectorVit2/f298e427f91f83596786fe6b5b774539b3c9b337/config.json?%2FAbhiram4%2FPlantDiseaseDetectorVit2%2Fresolve%2Fmain%2Fconfig.json=&etag=%22440f449cd30b16d8d1017d656ada205a41c390f7%22'), (b'X-Powered-By', b'huggingface-moon'), (b'X-Request-Id', b'Root=1-6aa2cf5a-1780b22d280e48c46429aa8a;04e14e81-befc-404b-9480-9bdfe5343a42'), (b'RateLimit', b'"resolvers";r=2991;t=199'), (b'RateLimit-Policy', b'"fixed window";"resolvers";q=3000;w=300'), (b'cross-origin-opener-policy', b'same-origin'), (b'Referrer-Policy', b'strict-origin-when-cross-origin'), (b'Access-Control-Max-Age', b'86400'), (b'Access-Control-Allow-Origin', b'https://huggingface.co'), (b'Vary', b'Origin, Accept'), (b'Access-Control-Expose-Headers', b'X-Repo-Commit,X-Request-Id,X-Error-Code,X-Error-Message,X-Total-Count,ETag,Link,Accept-Ranges,Content-Range,X-Linked-Size,X-Linked-ETag,X-Xet-Hash'), (b'X-Repo-Commit', b'f298e427f91f83596786fe6b5b774539b3c9b337'), (b'Accept-Ranges', b'bytes'), (b'X-HF-Warning', b'unauthenticated; Warning: You are sending unauthenticated requests to the HF Hub. Please set a HF_TOKEN to enable higher rate limits and faster downloads.'), (b'X-Hub-Cache', b'MISS'), (b'Content-Disposition', b'inline; filename*=UTF-8\'\'config.json; filename="config.json";'), (b'Content-Security-Policy', b"default-src 'none'; sandbox"), (b'X-Linked-ETag', b'"440f449cd30b16d8d1017d656ada205a41c390f7"'), (b'X-Cache', b'Miss from cloudfront'), (b'Via', b'1.1 310f78097a148c20abaa7b74a711dbaa.cloudfront.net (CloudFront)'), (b'X-Amz-Cf-Pop', b'MAA51-P3'), (b'X-Amz-Cf-Id', b'GsscYyeXLd-KP5ToQVnzJCadR-OZHADHqZ7HMnmvnqsZBA38qetUDg=='), (b'Strict-Transport-Security', b'max-age=31536000')])
2026-09-10 21:10:10,992 - INFO - HTTP Request: HEAD https://huggingface.co/Abhiram4/PlantDiseaseDetectorVit2/resolve/main/config.json "HTTP/1.1 307 Temporary Redirect"
2026-09-10 21:10:10,993 - DEBUG - receive_response_body.started request=<Request [b'HEAD']>
2026-09-10 21:10:10,993 - DEBUG - receive_response_body.complete
2026-09-10 21:10:10,993 - DEBUG - response_closed.started
2026-09-10 21:10:10,994 - DEBUG - response_closed.complete
2026-09-10 21:10:10,994 - WARNING - Warning: You are sending unauthenticated requests to the HF Hub. Please set a HF_TOKEN to enable higher rate limits and faster downloads.
2026-09-10 21:10:10,995 - DEBUG - send_request_headers.started request=<Request [b'HEAD']>
2026-09-10 21:10:10,995 - DEBUG - send_request_headers.complete
2026-09-10 21:10:10,995 - DEBUG - send_request_body.started request=<Request [b'HEAD']>
2026-09-10 21:10:10,995 - DEBUG - send_request_body.complete
2026-09-10 21:10:10,995 - DEBUG - receive_response_headers.started request=<Request [b'HEAD']>
2026-09-10 21:10:11,089 - DEBUG - receive_response_headers.complete return_value=(b'HTTP/1.1', 200, b'OK', [(b'Content-Type', b'text/plain; charset=utf-8'), (b'Content-Length', b'3787'), (b'Connection', b'keep-alive'), (b'Date', b'Sun, 06 Sep 2026 19:27:11 GMT'), (b'ETag', b'"440f449cd30b16d8d1017d656ada205a41c390f7"'), (b'X-Powered-By', b'huggingface-moon'), (b'X-Request-Id', b'Root=1-6a9dbe8f-152f305141d152936f972005'), (b'RateLimit', b'"resolvers";r=2898;t=229'), (b'RateLimit-Policy', b'"fixed window";"resolvers";q=3000;w=300'), (b'cross-origin-opener-policy', b'same-origin'), (b'Referrer-Policy', b'strict-origin-when-cross-origin'), (b'Access-Control-Max-Age', b'86400'), (b'Access-Control-Allow-Origin', b'https://huggingface.co'), (b'Access-Control-Expose-Headers', b'X-Repo-Commit,X-Request-Id,X-Error-Code,X-Error-Message,X-Total-Count,ETag,Link,Accept-Ranges,Content-Range,X-Linked-Size,X-Linked-ETag,X-Xet-Hash'), (b'X-Repo-Commit', b'f298e427f91f83596786fe6b5b774539b3c9b337'), (b'Accept-Ranges', b'bytes'), (b'Content-Disposition', b'inline; filename*=UTF-8\'\'config.json; filename="config.json";'), (b'Content-Security-Policy', b"default-src 'none'; sandbox"), (b'Vary', b'Origin'), (b'X-Cache', b'Hit from cloudfront'), (b'Via', b'1.1 310f78097a148c20abaa7b74a711dbaa.cloudfront.net (CloudFront)'), (b'X-Amz-Cf-Pop', b'MAA51-P3'), (b'X-Amz-Cf-Id', b'R44ZhK7JZ_s7Ii7FcWQrukMPbeva5TYxORym0kxBphsVB5O6wRqQBw=='), (b'Age', b'331980'), (b'Strict-Transport-Security', b'max-age=31536000')])
2026-09-10 21:10:11,090 - INFO - HTTP Request: HEAD https://huggingface.co/api/resolve-cache/models/Abhiram4/PlantDiseaseDetectorVit2/f298e427f91f83596786fe6b5b774539b3c9b337/config.json?%2FAbhiram4%2FPlantDiseaseDetectorVit2%2Fresolve%2Fmain%2Fconfig.json=&etag=%22440f449cd30b16d8d1017d656ada205a41c390f7%22 "HTTP/1.1 200 OK"
2026-09-10 21:10:11,091 - DEBUG - receive_response_body.started request=<Request [b'HEAD']>
2026-09-10 21:10:11,091 - DEBUG - receive_response_body.complete
2026-09-10 21:10:11,091 - DEBUG - response_closed.started
2026-09-10 21:10:11,091 - DEBUG - response_closed.complete
2026-09-10 21:10:11,535 - DEBUG - send_request_headers.started request=<Request [b'HEAD']>
2026-09-10 21:10:11,535 - DEBUG - send_request_headers.complete
2026-09-10 21:10:11,535 - DEBUG - send_request_body.started request=<Request [b'HEAD']>
2026-09-10 21:10:11,536 - DEBUG - send_request_body.complete
2026-09-10 21:10:11,536 - DEBUG - receive_response_headers.started request=<Request [b'HEAD']>
2026-09-10 21:10:11,971 - DEBUG - receive_response_headers.complete return_value=(b'HTTP/1.1', 404, b'Not Found', [(b'Content-Type', b'text/plain; charset=utf-8'), (b'Content-Length', b'15'), (b'Connection', b'keep-alive'), (b'Date', b'Thu, 10 Sep 2026 15:40:11 GMT'), (b'ETag', b'W/"f-mY2VvLxuxB7KhsoOdQTlMTccuAQ"'), (b'X-Powered-By', b'huggingface-moon'), (b'X-Request-Id', b'Root=1-6aa2cf5b-35fee28f3630a65c17b50b8b;c25f9248-c58e-469a-800d-a01420f3454d'), (b'RateLimit', b'"resolvers";r=2990;t=198'), (b'RateLimit-Policy', b'"fixed window";"resolvers";q=3000;w=300'), (b'cross-origin-opener-policy', b'same-origin'), (b'Referrer-Policy', b'strict-origin-when-cross-origin'), (b'Access-Control-Max-Age', b'86400'), (b'Access-Control-Allow-Origin', b'https://huggingface.co'), (b'Vary', b'Origin'), (b'Access-Control-Expose-Headers', b'X-Repo-Commit,X-Request-Id,X-Error-Code,X-Error-Message,X-Total-Count,ETag,Link,Accept-Ranges,Content-Range,X-Linked-Size,X-Linked-ETag,X-Xet-Hash'), (b'X-Repo-Commit', b'f298e427f91f83596786fe6b5b774539b3c9b337'), (b'Accept-Ranges', b'bytes'), (b'X-HF-Warning', b'unauthenticated; Warning: You are sending unauthenticated requests to the HF Hub. Please set a HF_TOKEN to enable higher rate limits and faster downloads.'), (b'X-Hub-Cache', b'MISS'), (b'X-Error-Code', b'EntryNotFound'), (b'X-Error-Message', b'Entry not found'), (b'X-Cache', b'Error from cloudfront'), (b'Via', b'1.1 310f78097a148c20abaa7b74a711dbaa.cloudfront.net (CloudFront)'), (b'X-Amz-Cf-Pop', b'MAA51-P3'), (b'X-Amz-Cf-Id', b'rizU23xL69S9MeolJ53zuT_3F6dZCLUiwDg_4y29YMsvXiDQPyBYnQ=='), (b'Strict-Transport-Security', b'max-age=31536000')])
2026-09-10 21:10:11,973 - INFO - HTTP Request: HEAD https://huggingface.co/Abhiram4/PlantDiseaseDetectorVit2/resolve/main/processor_config.json "HTTP/1.1 404 Not Found"
2026-09-10 21:10:11,973 - DEBUG - receive_response_body.started request=<Request [b'HEAD']>
2026-09-10 21:10:11,973 - DEBUG - receive_response_body.complete
2026-09-10 21:10:11,973 - DEBUG - response_closed.started
2026-09-10 21:10:11,973 - DEBUG - response_closed.complete
2026-09-10 21:10:11,980 - DEBUG - send_request_headers.started request=<Request [b'HEAD']>
2026-09-10 21:10:11,983 - DEBUG - send_request_headers.complete
2026-09-10 21:10:11,983 - DEBUG - send_request_body.started request=<Request [b'HEAD']>
2026-09-10 21:10:11,984 - DEBUG - send_request_body.complete
2026-09-10 21:10:11,984 - DEBUG - receive_response_headers.started request=<Request [b'HEAD']>
2026-09-10 21:10:12,381 - DEBUG - receive_response_headers.complete return_value=(b'HTTP/1.1', 307, b'Temporary Redirect', [(b'Content-Type', b'text/plain; charset=utf-8'), (b'Content-Length', b'296'), (b'Connection', b'keep-alive'), (b'Date', b'Thu, 10 Sep 2026 15:40:12 GMT'), (b'Location', b'/api/resolve-cache/models/Abhiram4/PlantDiseaseDetectorVit2/f298e427f91f83596786fe6b5b774539b3c9b337/preprocessor_config.json?%2FAbhiram4%2FPlantDiseaseDetectorVit2%2Fresolve%2Fmain%2Fpreprocessor_config.json=&etag=%22273d24924a8bd10227b532d603484f165dcb0b5d%22'), (b'X-Powered-By', b'huggingface-moon'), (b'X-Request-Id', b'Root=1-6aa2cf5c-668dcc77744bafa36d59ac7b;a0bfe6b4-47e4-4ecf-92d2-553fa49f53aa'), (b'RateLimit', b'"resolvers";r=2989;t=197'), (b'RateLimit-Policy', b'"fixed window";"resolvers";q=3000;w=300'), (b'cross-origin-opener-policy', b'same-origin'), (b'Referrer-Policy', b'strict-origin-when-cross-origin'), (b'Access-Control-Max-Age', b'86400'), (b'Access-Control-Allow-Origin', b'https://huggingface.co'), (b'Vary', b'Origin, Accept'), (b'Access-Control-Expose-Headers', b'X-Repo-Commit,X-Request-Id,X-Error-Code,X-Error-Message,X-Total-Count,ETag,Link,Accept-Ranges,Content-Range,X-Linked-Size,X-Linked-ETag,X-Xet-Hash'), (b'X-Repo-Commit', b'f298e427f91f83596786fe6b5b774539b3c9b337'), (b'Accept-Ranges', b'bytes'), (b'X-HF-Warning', b'unauthenticated; Warning: You are sending unauthenticated requests to the HF Hub. Please set a HF_TOKEN to enable higher rate limits and faster downloads.'), (b'X-Hub-Cache', b'MISS'), (b'Content-Disposition', b'inline; filename*=UTF-8\'\'preprocessor_config.json; filename="preprocessor_config.json";'), (b'Content-Security-Policy', b"default-src 'none'; sandbox"), (b'X-Linked-ETag', b'"273d24924a8bd10227b532d603484f165dcb0b5d"'), (b'X-Cache', b'Miss from cloudfront'), (b'Via', b'1.1 310f78097a148c20abaa7b74a711dbaa.cloudfront.net (CloudFront)'), (b'X-Amz-Cf-Pop', b'MAA51-P3'), (b'X-Amz-Cf-Id', b'CcIHcr3h1wiRTBWPSDws91A8xbLKGZ4NWOhTo46AB_I-P4hbQqN9oA=='), (b'Strict-Transport-Security', b'max-age=31536000')])
2026-09-10 21:10:12,382 - INFO - HTTP Request: HEAD https://huggingface.co/Abhiram4/PlantDiseaseDetectorVit2/resolve/main/preprocessor_config.json "HTTP/1.1 307 Temporary Redirect"
2026-09-10 21:10:12,383 - DEBUG - receive_response_body.started request=<Request [b'HEAD']>
2026-09-10 21:10:12,383 - DEBUG - receive_response_body.complete
2026-09-10 21:10:12,384 - DEBUG - response_closed.started
2026-09-10 21:10:12,384 - DEBUG - response_closed.complete
2026-09-10 21:10:12,385 - DEBUG - send_request_headers.started request=<Request [b'HEAD']>
2026-09-10 21:10:12,385 - DEBUG - send_request_headers.complete
2026-09-10 21:10:12,385 - DEBUG - send_request_body.started request=<Request [b'HEAD']>
2026-09-10 21:10:12,386 - DEBUG - send_request_body.complete
2026-09-10 21:10:12,386 - DEBUG - receive_response_headers.started request=<Request [b'HEAD']>
2026-09-10 21:10:12,472 - DEBUG - receive_response_headers.complete return_value=(b'HTTP/1.1', 200, b'OK', [(b'Content-Type', b'text/plain; charset=utf-8'), (b'Content-Length', b'325'), (b'Connection', b'keep-alive'), (b'Date', b'Mon, 07 Sep 2026 12:58:20 GMT'), (b'ETag', b'"273d24924a8bd10227b532d603484f165dcb0b5d"'), (b'X-Powered-By', b'huggingface-moon'), (b'X-Request-Id', b'Root=1-6a9eb4ec-1966f7d11c3bca4c38c5238d;0b9e8813-1192-48cf-80fd-e1b65cae8316'), (b'RateLimit', b'"resolvers";r=2994;t=10'), (b'RateLimit-Policy', b'"fixed window";"resolvers";q=3000;w=300'), (b'cross-origin-opener-policy', b'same-origin'), (b'Referrer-Policy', b'strict-origin-when-cross-origin'), (b'Access-Control-Max-Age', b'86400'), (b'Access-Control-Allow-Origin', b'https://huggingface.co'), (b'Access-Control-Expose-Headers', b'X-Repo-Commit,X-Request-Id,X-Error-Code,X-Error-Message,X-Total-Count,ETag,Link,Accept-Ranges,Content-Range,X-Linked-Size,X-Linked-ETag,X-Xet-Hash'), (b'X-Repo-Commit', b'f298e427f91f83596786fe6b5b774539b3c9b337'), (b'Accept-Ranges', b'bytes'), (b'X-Hub-Cache', b'MISS'), (b'Content-Disposition', b'inline; filename*=UTF-8\'\'preprocessor_config.json; filename="preprocessor_config.json";'), (b'Content-Security-Policy', b"default-src 'none'; sandbox"), (b'Vary', b'Origin'), (b'X-Cache', b'Hit from cloudfront'), (b'Via', b'1.1 310f78097a148c20abaa7b74a711dbaa.cloudfront.net (CloudFront)'), (b'X-Amz-Cf-Pop', b'MAA51-P3'), (b'X-Amz-Cf-Id', b'bpfpW5dkkO0BrI2CF6mZ_325jnPoZEmQPI0JmVyYIgqp1kH-g4Ogkw=='), (b'Age', b'268912'), (b'Strict-Transport-Security', b'max-age=31536000')])
2026-09-10 21:10:12,473 - INFO - HTTP Request: HEAD https://huggingface.co/api/resolve-cache/models/Abhiram4/PlantDiseaseDetectorVit2/f298e427f91f83596786fe6b5b774539b3c9b337/preprocessor_config.json?%2FAbhiram4%2FPlantDiseaseDetectorVit2%2Fresolve%2Fmain%2Fpreprocessor_config.json=&etag=%22273d24924a8bd10227b532d603484f165dcb0b5d%22 "HTTP/1.1 200 OK"
2026-09-10 21:10:12,473 - DEBUG - receive_response_body.started request=<Request [b'HEAD']>
2026-09-10 21:10:12,474 - DEBUG - receive_response_body.complete
2026-09-10 21:10:12,474 - DEBUG - response_closed.started
2026-09-10 21:10:12,474 - DEBUG - response_closed.complete
2026-09-10 21:10:12,481 - DEBUG - send_request_headers.started request=<Request [b'HEAD']>
2026-09-10 21:10:12,482 - DEBUG - send_request_headers.complete
2026-09-10 21:10:12,482 - DEBUG - send_request_body.started request=<Request [b'HEAD']>
2026-09-10 21:10:12,482 - DEBUG - send_request_body.complete
2026-09-10 21:10:12,483 - DEBUG - receive_response_headers.started request=<Request [b'HEAD']>
2026-09-10 21:10:12,783 - DEBUG - receive_response_headers.complete return_value=(b'HTTP/1.1', 404, b'Not Found', [(b'Content-Type', b'text/plain; charset=utf-8'), (b'Content-Length', b'15'), (b'Connection', b'keep-alive'), (b'Date', b'Thu, 10 Sep 2026 15:40:12 GMT'), (b'ETag', b'W/"f-mY2VvLxuxB7KhsoOdQTlMTccuAQ"'), (b'X-Powered-By', b'huggingface-moon'), (b'X-Request-Id', b'Root=1-6aa2cf5c-746475ea526091cf74a08fcf;3d45cc81-9096-4e2f-a39e-7907b221fe0d'), (b'RateLimit', b'"resolvers";r=2988;t=197'), (b'RateLimit-Policy', b'"fixed window";"resolvers";q=3000;w=300'), (b'cross-origin-opener-policy', b'same-origin'), (b'Referrer-Policy', b'strict-origin-when-cross-origin'), (b'Access-Control-Max-Age', b'86400'), (b'Access-Control-Allow-Origin', b'https://huggingface.co'), (b'Vary', b'Origin'), (b'Access-Control-Expose-Headers', b'X-Repo-Commit,X-Request-Id,X-Error-Code,X-Error-Message,X-Total-Count,ETag,Link,Accept-Ranges,Content-Range,X-Linked-Size,X-Linked-ETag,X-Xet-Hash'), (b'X-Repo-Commit', b'f298e427f91f83596786fe6b5b774539b3c9b337'), (b'Accept-Ranges', b'bytes'), (b'X-HF-Warning', b'unauthenticated; Warning: You are sending unauthenticated requests to the HF Hub. Please set a HF_TOKEN to enable higher rate limits and faster downloads.'), (b'X-Hub-Cache', b'MISS'), (b'X-Error-Code', b'EntryNotFound'), (b'X-Error-Message', b'Entry not found'), (b'X-Cache', b'Error from cloudfront'), (b'Via', b'1.1 310f78097a148c20abaa7b74a711dbaa.cloudfront.net (CloudFront)'), (b'X-Amz-Cf-Pop', b'MAA51-P3'), (b'X-Amz-Cf-Id', b'Q6QFbHITwBehRH58MsFVlhCXeKbUKQ3vIIKe-XIvcNnDHf5_OBxu_w=='), (b'Strict-Transport-Security', b'max-age=31536000')])
2026-09-10 21:10:12,799 - INFO - HTTP Request: HEAD https://huggingface.co/Abhiram4/PlantDiseaseDetectorVit2/resolve/main/processor_config.json "HTTP/1.1 404 Not Found"
2026-09-10 21:10:12,799 - DEBUG - receive_response_body.started request=<Request [b'HEAD']>
2026-09-10 21:10:12,799 - DEBUG - receive_response_body.complete
2026-09-10 21:10:12,799 - DEBUG - response_closed.started
2026-09-10 21:10:12,800 - DEBUG - response_closed.complete
2026-09-10 21:10:12,802 - DEBUG - send_request_headers.started request=<Request [b'HEAD']>
2026-09-10 21:10:12,802 - DEBUG - send_request_headers.complete
2026-09-10 21:10:12,802 - DEBUG - send_request_body.started request=<Request [b'HEAD']>
2026-09-10 21:10:12,802 - DEBUG - send_request_body.complete
2026-09-10 21:10:12,802 - DEBUG - receive_response_headers.started request=<Request [b'HEAD']>
2026-09-10 21:10:13,139 - DEBUG - receive_response_headers.complete return_value=(b'HTTP/1.1', 307, b'Temporary Redirect', [(b'Content-Type', b'text/plain; charset=utf-8'), (b'Content-Length', b'296'), (b'Connection', b'keep-alive'), (b'Date', b'Thu, 10 Sep 2026 15:40:13 GMT'), (b'Location', b'/api/resolve-cache/models/Abhiram4/PlantDiseaseDetectorVit2/f298e427f91f83596786fe6b5b774539b3c9b337/preprocessor_config.json?%2FAbhiram4%2FPlantDiseaseDetectorVit2%2Fresolve%2Fmain%2Fpreprocessor_config.json=&etag=%22273d24924a8bd10227b532d603484f165dcb0b5d%22'), (b'X-Powered-By', b'huggingface-moon'), (b'X-Request-Id', b'Root=1-6aa2cf5d-5b988f824bd3d8191bc04620;dc437375-9fe2-477c-936e-9a51fd735072'), (b'RateLimit', b'"resolvers";r=2987;t=196'), (b'RateLimit-Policy', b'"fixed window";"resolvers";q=3000;w=300'), (b'cross-origin-opener-policy', b'same-origin'), (b'Referrer-Policy', b'strict-origin-when-cross-origin'), (b'Access-Control-Max-Age', b'86400'), (b'Access-Control-Allow-Origin', b'https://huggingface.co'), (b'Vary', b'Origin, Accept'), (b'Access-Control-Expose-Headers', b'X-Repo-Commit,X-Request-Id,X-Error-Code,X-Error-Message,X-Total-Count,ETag,Link,Accept-Ranges,Content-Range,X-Linked-Size,X-Linked-ETag,X-Xet-Hash'), (b'X-Repo-Commit', b'f298e427f91f83596786fe6b5b774539b3c9b337'), (b'Accept-Ranges', b'bytes'), (b'X-HF-Warning', b'unauthenticated; Warning: You are sending unauthenticated requests to the HF Hub. Please set a HF_TOKEN to enable higher rate limits and faster downloads.'), (b'X-Hub-Cache', b'MISS'), (b'Content-Disposition', b'inline; filename*=UTF-8\'\'preprocessor_config.json; filename="preprocessor_config.json";'), (b'Content-Security-Policy', b"default-src 'none'; sandbox"), (b'X-Linked-ETag', b'"273d24924a8bd10227b532d603484f165dcb0b5d"'), (b'X-Cache', b'Miss from cloudfront'), (b'Via', b'1.1 310f78097a148c20abaa7b74a711dbaa.cloudfront.net (CloudFront)'), (b'X-Amz-Cf-Pop', b'MAA51-P3'), (b'X-Amz-Cf-Id', b'JMLkE_bk4sbvxAE6ldWrUWFbXJowbMD8CI7dHZRfInqpCRiFlyErbg=='), (b'Strict-Transport-Security', b'max-age=31536000')])
2026-09-10 21:10:13,141 - INFO - HTTP Request: HEAD https://huggingface.co/Abhiram4/PlantDiseaseDetectorVit2/resolve/main/preprocessor_config.json "HTTP/1.1 307 Temporary Redirect"
2026-09-10 21:10:13,141 - DEBUG - receive_response_body.started request=<Request [b'HEAD']>
2026-09-10 21:10:13,142 - DEBUG - receive_response_body.complete
2026-09-10 21:10:13,142 - DEBUG - response_closed.started
2026-09-10 21:10:13,142 - DEBUG - response_closed.complete
2026-09-10 21:10:13,143 - DEBUG - send_request_headers.started request=<Request [b'HEAD']>
2026-09-10 21:10:13,143 - DEBUG - send_request_headers.complete
2026-09-10 21:10:13,143 - DEBUG - send_request_body.started request=<Request [b'HEAD']>
2026-09-10 21:10:13,143 - DEBUG - send_request_body.complete
2026-09-10 21:10:13,143 - DEBUG - receive_response_headers.started request=<Request [b'HEAD']>
2026-09-10 21:10:13,241 - DEBUG - receive_response_headers.complete return_value=(b'HTTP/1.1', 200, b'OK', [(b'Content-Type', b'text/plain; charset=utf-8'), (b'Content-Length', b'325'), (b'Connection', b'keep-alive'), (b'Date', b'Mon, 07 Sep 2026 12:58:20 GMT'), (b'ETag', b'"273d24924a8bd10227b532d603484f165dcb0b5d"'), (b'X-Powered-By', b'huggingface-moon'), (b'X-Request-Id', b'Root=1-6a9eb4ec-1966f7d11c3bca4c38c5238d;0b9e8813-1192-48cf-80fd-e1b65cae8316'), (b'RateLimit', b'"resolvers";r=2994;t=10'), (b'RateLimit-Policy', b'"fixed window";"resolvers";q=3000;w=300'), (b'cross-origin-opener-policy', b'same-origin'), (b'Referrer-Policy', b'strict-origin-when-cross-origin'), (b'Access-Control-Max-Age', b'86400'), (b'Access-Control-Allow-Origin', b'https://huggingface.co'), (b'Access-Control-Expose-Headers', b'X-Repo-Commit,X-Request-Id,X-Error-Code,X-Error-Message,X-Total-Count,ETag,Link,Accept-Ranges,Content-Range,X-Linked-Size,X-Linked-ETag,X-Xet-Hash'), (b'X-Repo-Commit', b'f298e427f91f83596786fe6b5b774539b3c9b337'), (b'Accept-Ranges', b'bytes'), (b'X-Hub-Cache', b'MISS'), (b'Content-Disposition', b'inline; filename*=UTF-8\'\'preprocessor_config.json; filename="preprocessor_config.json";'), (b'Content-Security-Policy', b"default-src 'none'; sandbox"), (b'Vary', b'Origin'), (b'X-Cache', b'Hit from cloudfront'), (b'Via', b'1.1 310f78097a148c20abaa7b74a711dbaa.cloudfront.net (CloudFront)'), (b'X-Amz-Cf-Pop', b'MAA51-P3'), (b'X-Amz-Cf-Id', b'xoNMoj_Jk23BX2ZNU2NwgNInOyBhfJ_jJPM68VGy0jMEkIUpvYEveA=='), (b'Age', b'268913'), (b'Strict-Transport-Security', b'max-age=31536000')])
2026-09-10 21:10:13,243 - INFO - HTTP Request: HEAD https://huggingface.co/api/resolve-cache/models/Abhiram4/PlantDiseaseDetectorVit2/f298e427f91f83596786fe6b5b774539b3c9b337/preprocessor_config.json?%2FAbhiram4%2FPlantDiseaseDetectorVit2%2Fresolve%2Fmain%2Fpreprocessor_config.json=&etag=%22273d24924a8bd10227b532d603484f165dcb0b5d%22 "HTTP/1.1 200 OK"
2026-09-10 21:10:13,243 - DEBUG - receive_response_body.started request=<Request [b'HEAD']>
2026-09-10 21:10:13,244 - DEBUG - receive_response_body.complete
2026-09-10 21:10:13,244 - DEBUG - response_closed.started
2026-09-10 21:10:13,245 - DEBUG - response_closed.complete
2026-09-10 21:10:13,250 - DEBUG - send_request_headers.started request=<Request [b'HEAD']>
2026-09-10 21:10:13,250 - DEBUG - send_request_headers.complete
2026-09-10 21:10:13,250 - DEBUG - send_request_body.started request=<Request [b'HEAD']>
2026-09-10 21:10:13,251 - DEBUG - send_request_body.complete
2026-09-10 21:10:13,251 - DEBUG - receive_response_headers.started request=<Request [b'HEAD']>
2026-09-10 21:10:13,610 - DEBUG - receive_response_headers.complete return_value=(b'HTTP/1.1', 404, b'Not Found', [(b'Content-Type', b'text/plain; charset=utf-8'), (b'Content-Length', b'15'), (b'Connection', b'keep-alive'), (b'Date', b'Thu, 10 Sep 2026 15:40:13 GMT'), (b'ETag', b'W/"f-mY2VvLxuxB7KhsoOdQTlMTccuAQ"'), (b'X-Powered-By', b'huggingface-moon'), (b'X-Request-Id', b'Root=1-6aa2cf5d-40d71c0a47bfcb014652e32a;9ad0df30-49c4-490a-bc62-421cef4c60a2'), (b'RateLimit', b'"resolvers";r=2986;t=196'), (b'RateLimit-Policy', b'"fixed window";"resolvers";q=3000;w=300'), (b'cross-origin-opener-policy', b'same-origin'), (b'Referrer-Policy', b'strict-origin-when-cross-origin'), (b'Access-Control-Max-Age', b'86400'), (b'Access-Control-Allow-Origin', b'https://huggingface.co'), (b'Vary', b'Origin'), (b'Access-Control-Expose-Headers', b'X-Repo-Commit,X-Request-Id,X-Error-Code,X-Error-Message,X-Total-Count,ETag,Link,Accept-Ranges,Content-Range,X-Linked-Size,X-Linked-ETag,X-Xet-Hash'), (b'X-Repo-Commit', b'f298e427f91f83596786fe6b5b774539b3c9b337'), (b'Accept-Ranges', b'bytes'), (b'X-HF-Warning', b'unauthenticated; Warning: You are sending unauthenticated requests to the HF Hub. Please set a HF_TOKEN to enable higher rate limits and faster downloads.'), (b'X-Hub-Cache', b'MISS'), (b'X-Error-Code', b'EntryNotFound'), (b'X-Error-Message', b'Entry not found'), (b'X-Cache', b'Error from cloudfront'), (b'Via', b'1.1 310f78097a148c20abaa7b74a711dbaa.cloudfront.net (CloudFront)'), (b'X-Amz-Cf-Pop', b'MAA51-P3'), (b'X-Amz-Cf-Id', b'JyNUIn-zdSYLRk3-ysJKCbs96KIvC5w_SXASHUWJezqDebf2-tU2gQ=='), (b'Strict-Transport-Security', b'max-age=31536000')])
2026-09-10 21:10:13,611 - INFO - HTTP Request: HEAD https://huggingface.co/Abhiram4/PlantDiseaseDetectorVit2/resolve/main/processor_config.json "HTTP/1.1 404 Not Found"
2026-09-10 21:10:13,611 - DEBUG - receive_response_body.started request=<Request [b'HEAD']>
2026-09-10 21:10:13,612 - DEBUG - receive_response_body.complete
2026-09-10 21:10:13,612 - DEBUG - response_closed.started
2026-09-10 21:10:13,612 - DEBUG - response_closed.complete
2026-09-10 21:10:13,616 - DEBUG - send_request_headers.started request=<Request [b'HEAD']>
2026-09-10 21:10:13,617 - DEBUG - send_request_headers.complete
2026-09-10 21:10:13,617 - DEBUG - send_request_body.started request=<Request [b'HEAD']>
2026-09-10 21:10:13,618 - DEBUG - send_request_body.complete
2026-09-10 21:10:13,618 - DEBUG - receive_response_headers.started request=<Request [b'HEAD']>
2026-09-10 21:10:13,916 - DEBUG - receive_response_headers.complete return_value=(b'HTTP/1.1', 404, b'Not Found', [(b'Content-Type', b'text/plain; charset=utf-8'), (b'Content-Length', b'15'), (b'Connection', b'keep-alive'), (b'Date', b'Thu, 10 Sep 2026 15:40:13 GMT'), (b'ETag', b'W/"f-mY2VvLxuxB7KhsoOdQTlMTccuAQ"'), (b'X-Powered-By', b'huggingface-moon'), (b'X-Request-Id', b'Root=1-6aa2cf5d-717d16a564b1346438460c39;ca8c0429-e2f4-4557-9f04-4ee66f751bfe'), (b'RateLimit', b'"resolvers";r=2985;t=196'), (b'RateLimit-Policy', b'"fixed window";"resolvers";q=3000;w=300'), (b'cross-origin-opener-policy', b'same-origin'), (b'Referrer-Policy', b'strict-origin-when-cross-origin'), (b'Access-Control-Max-Age', b'86400'), (b'Access-Control-Allow-Origin', b'https://huggingface.co'), (b'Vary', b'Origin'), (b'Access-Control-Expose-Headers', b'X-Repo-Commit,X-Request-Id,X-Error-Code,X-Error-Message,X-Total-Count,ETag,Link,Accept-Ranges,Content-Range,X-Linked-Size,X-Linked-ETag,X-Xet-Hash'), (b'X-Repo-Commit', b'f298e427f91f83596786fe6b5b774539b3c9b337'), (b'Accept-Ranges', b'bytes'), (b'X-Hub-Cache', b'MISS'), (b'X-Error-Code', b'EntryNotFound'), (b'X-Error-Message', b'Entry not found'), (b'X-Cache', b'Error from cloudfront'), (b'Via', b'1.1 310f78097a148c20abaa7b74a711dbaa.cloudfront.net (CloudFront)'), (b'X-Amz-Cf-Pop', b'MAA51-P3'), (b'X-Amz-Cf-Id', b'FHtQ2Dpf5EIK-aUMkfn6Tnb2QS3-ybX84YJH9Nw0wJ97yVWxxd-6Nw=='), (b'Strict-Transport-Security', b'max-age=31536000')])
2026-09-10 21:10:13,918 - INFO - HTTP Request: HEAD https://huggingface.co/Abhiram4/PlantDiseaseDetectorVit2/resolve/main/video_preprocessor_config.json "HTTP/1.1 404 Not Found"
2026-09-10 21:10:13,918 - DEBUG - receive_response_body.started request=<Request [b'HEAD']>
2026-09-10 21:10:13,919 - DEBUG - receive_response_body.complete
2026-09-10 21:10:13,919 - DEBUG - response_closed.started
2026-09-10 21:10:13,920 - DEBUG - response_closed.complete
2026-09-10 21:10:13,926 - DEBUG - send_request_headers.started request=<Request [b'HEAD']>
2026-09-10 21:10:13,927 - DEBUG - send_request_headers.complete
2026-09-10 21:10:13,927 - DEBUG - send_request_body.started request=<Request [b'HEAD']>
2026-09-10 21:10:13,927 - DEBUG - send_request_body.complete
2026-09-10 21:10:13,927 - DEBUG - receive_response_headers.started request=<Request [b'HEAD']>
2026-09-10 21:10:14,223 - DEBUG - receive_response_headers.complete return_value=(b'HTTP/1.1', 307, b'Temporary Redirect', [(b'Content-Type', b'text/plain; charset=utf-8'), (b'Content-Length', b'296'), (b'Connection', b'keep-alive'), (b'Date', b'Thu, 10 Sep 2026 15:40:14 GMT'), (b'Location', b'/api/resolve-cache/models/Abhiram4/PlantDiseaseDetectorVit2/f298e427f91f83596786fe6b5b774539b3c9b337/preprocessor_config.json?%2FAbhiram4%2FPlantDiseaseDetectorVit2%2Fresolve%2Fmain%2Fpreprocessor_config.json=&etag=%22273d24924a8bd10227b532d603484f165dcb0b5d%22'), (b'X-Powered-By', b'huggingface-moon'), (b'X-Request-Id', b'Root=1-6aa2cf5e-6169c5cb1801ba2154ca5262;5ff16336-6de8-43aa-a01e-0c23334a6dc7'), (b'RateLimit', b'"resolvers";r=2984;t=195'), (b'RateLimit-Policy', b'"fixed window";"resolvers";q=3000;w=300'), (b'cross-origin-opener-policy', b'same-origin'), (b'Referrer-Policy', b'strict-origin-when-cross-origin'), (b'Access-Control-Max-Age', b'86400'), (b'Access-Control-Allow-Origin', b'https://huggingface.co'), (b'Vary', b'Origin, Accept'), (b'Access-Control-Expose-Headers', b'X-Repo-Commit,X-Request-Id,X-Error-Code,X-Error-Message,X-Total-Count,ETag,Link,Accept-Ranges,Content-Range,X-Linked-Size,X-Linked-ETag,X-Xet-Hash'), (b'X-Repo-Commit', b'f298e427f91f83596786fe6b5b774539b3c9b337'), (b'Accept-Ranges', b'bytes'), (b'X-Hub-Cache', b'MISS'), (b'Content-Disposition', b'inline; filename*=UTF-8\'\'preprocessor_config.json; filename="preprocessor_config.json";'), (b'Content-Security-Policy', b"default-src 'none'; sandbox"), (b'X-Linked-ETag', b'"273d24924a8bd10227b532d603484f165dcb0b5d"'), (b'X-Cache', b'Miss from cloudfront'), (b'Via', b'1.1 310f78097a148c20abaa7b74a711dbaa.cloudfront.net (CloudFront)'), (b'X-Amz-Cf-Pop', b'MAA51-P3'), (b'X-Amz-Cf-Id', b'eMXa48ovgpZ4R4d3KqAcgntzV3TPxAd-9NYeQyej3IOccUK3auqyUw=='), (b'Strict-Transport-Security', b'max-age=31536000')])
2026-09-10 21:10:14,224 - INFO - HTTP Request: HEAD https://huggingface.co/Abhiram4/PlantDiseaseDetectorVit2/resolve/main/preprocessor_config.json "HTTP/1.1 307 Temporary Redirect"
2026-09-10 21:10:14,224 - DEBUG - receive_response_body.started request=<Request [b'HEAD']>
2026-09-10 21:10:14,224 - DEBUG - receive_response_body.complete
2026-09-10 21:10:14,224 - DEBUG - response_closed.started
2026-09-10 21:10:14,224 - DEBUG - response_closed.complete
2026-09-10 21:10:14,225 - DEBUG - send_request_headers.started request=<Request [b'HEAD']>
2026-09-10 21:10:14,225 - DEBUG - send_request_headers.complete
2026-09-10 21:10:14,226 - DEBUG - send_request_body.started request=<Request [b'HEAD']>
2026-09-10 21:10:14,226 - DEBUG - send_request_body.complete
2026-09-10 21:10:14,226 - DEBUG - receive_response_headers.started request=<Request [b'HEAD']>
2026-09-10 21:10:14,316 - DEBUG - receive_response_headers.complete return_value=(b'HTTP/1.1', 200, b'OK', [(b'Content-Type', b'text/plain; charset=utf-8'), (b'Content-Length', b'325'), (b'Connection', b'keep-alive'), (b'Date', b'Mon, 07 Sep 2026 12:58:20 GMT'), (b'ETag', b'"273d24924a8bd10227b532d603484f165dcb0b5d"'), (b'X-Powered-By', b'huggingface-moon'), (b'X-Request-Id', b'Root=1-6a9eb4ec-1966f7d11c3bca4c38c5238d;0b9e8813-1192-48cf-80fd-e1b65cae8316'), (b'RateLimit', b'"resolvers";r=2994;t=10'), (b'RateLimit-Policy', b'"fixed window";"resolvers";q=3000;w=300'), (b'cross-origin-opener-policy', b'same-origin'), (b'Referrer-Policy', b'strict-origin-when-cross-origin'), (b'Access-Control-Max-Age', b'86400'), (b'Access-Control-Allow-Origin', b'https://huggingface.co'), (b'Access-Control-Expose-Headers', b'X-Repo-Commit,X-Request-Id,X-Error-Code,X-Error-Message,X-Total-Count,ETag,Link,Accept-Ranges,Content-Range,X-Linked-Size,X-Linked-ETag,X-Xet-Hash'), (b'X-Repo-Commit', b'f298e427f91f83596786fe6b5b774539b3c9b337'), (b'Accept-Ranges', b'bytes'), (b'X-Hub-Cache', b'MISS'), (b'Content-Disposition', b'inline; filename*=UTF-8\'\'preprocessor_config.json; filename="preprocessor_config.json";'), (b'Content-Security-Policy', b"default-src 'none'; sandbox"), (b'Vary', b'Origin'), (b'X-Cache', b'Hit from cloudfront'), (b'Via', b'1.1 310f78097a148c20abaa7b74a711dbaa.cloudfront.net (CloudFront)'), (b'X-Amz-Cf-Pop', b'MAA51-P3'), (b'X-Amz-Cf-Id', b'hLMUGPhtED1zBShRf4nRDbqAEQby45D6vxsU50dIMNWYFUES52R93Q=='), (b'Age', b'268914'), (b'Strict-Transport-Security', b'max-age=31536000')])
2026-09-10 21:10:14,316 - INFO - HTTP Request: HEAD https://huggingface.co/api/resolve-cache/models/Abhiram4/PlantDiseaseDetectorVit2/f298e427f91f83596786fe6b5b774539b3c9b337/preprocessor_config.json?%2FAbhiram4%2FPlantDiseaseDetectorVit2%2Fresolve%2Fmain%2Fpreprocessor_config.json=&etag=%22273d24924a8bd10227b532d603484f165dcb0b5d%22 "HTTP/1.1 200 OK"
2026-09-10 21:10:14,317 - DEBUG - receive_response_body.started request=<Request [b'HEAD']>
2026-09-10 21:10:14,317 - DEBUG - receive_response_body.complete
2026-09-10 21:10:14,317 - DEBUG - response_closed.started
2026-09-10 21:10:14,317 - DEBUG - response_closed.complete
2026-09-10 21:10:14,325 - INFO - Image classification pipeline initialized.
2026-09-10 21:10:14,326 - INFO - Disease descriptions loaded from JSON.
2026-09-10 21:10:14,366 - WARNING -  * Debugger is active!
2026-09-10 21:10:14,373 - INFO -  * Debugger PIN: 129-816-496
2026-09-10 21:11:53,026 - INFO - 127.0.0.1 - - [10/Sep/2026 21:11:53] "GET /signin HTTP/1.1" 200 -
2026-09-10 21:12:48,534 - INFO - 127.0.0.1 - - [10/Sep/2026 21:12:48] "GET /signin HTTP/1.1" 200 -
2026-09-10 21:12:53,872 - INFO - 127.0.0.1 - - [10/Sep/2026 21:12:53] "[32mGET / HTTP/1.1[0m" 302 -
2026-09-10 21:12:53,883 - INFO - 127.0.0.1 - - [10/Sep/2026 21:12:53] "GET /index HTTP/1.1" 200 -
2026-09-10 21:12:54,005 - INFO - 127.0.0.1 - - [10/Sep/2026 21:12:54] "[36mGET /static/css/dashmix.min.css HTTP/1.1[0m" 304 -
2026-09-10 21:12:54,008 - INFO - 127.0.0.1 - - [10/Sep/2026 21:12:54] "[36mGET /static/js/setTheme.js HTTP/1.1[0m" 304 -
2026-09-10 21:12:54,011 - INFO - 127.0.0.1 - - [10/Sep/2026 21:12:54] "[36mGET /static/media/photos/placeholder2.png HTTP/1.1[0m" 304 -
2026-09-10 21:12:54,013 - INFO - 127.0.0.1 - - [10/Sep/2026 21:12:54] "[36mGET /static/media/photos/photo21@2x.jpg HTTP/1.1[0m" 304 -
2026-09-10 21:12:54,021 - INFO - 127.0.0.1 - - [10/Sep/2026 21:12:54] "[36mGET /static/media/photos/photo13@2x.jpg HTTP/1.1[0m" 304 -
2026-09-10 21:12:54,022 - INFO - 127.0.0.1 - - [10/Sep/2026 21:12:54] "[36mGET /static/media/photos/photo23@2x.jpg HTTP/1.1[0m" 304 -
2026-09-10 21:12:54,064 - INFO - 127.0.0.1 - - [10/Sep/2026 21:12:54] "[36mGET /static/js/pages/op_coming_soon.min.js HTTP/1.1[0m" 304 -
2026-09-10 21:12:54,064 - INFO - 127.0.0.1 - - [10/Sep/2026 21:12:54] "[36mGET /static/js/dashmix.app.min.js HTTP/1.1[0m" 304 -
2026-09-10 21:12:54,065 - INFO - 127.0.0.1 - - [10/Sep/2026 21:12:54] "[36mGET /static/js/plugins/jquery-countdown/jquery.countdown.min.js HTTP/1.1[0m" 304 -
2026-09-10 21:12:54,065 - INFO - 127.0.0.1 - - [10/Sep/2026 21:12:54] "[36mGET /static/js/lib/jquery.min.js HTTP/1.1[0m" 304 -
2026-09-10 21:12:54,065 - INFO - 127.0.0.1 - - [10/Sep/2026 21:12:54] "[36mGET /static/media/photos/photo17@2x.jpg HTTP/1.1[0m" 304 -
2026-09-10 21:12:54,129 - INFO - 127.0.0.1 - - [10/Sep/2026 21:12:54] "[36mGET /static/fonts/inter/inter-v18-latin-700.woff2 HTTP/1.1[0m" 304 -
2026-09-10 21:12:54,130 - INFO - 127.0.0.1 - - [10/Sep/2026 21:12:54] "[36mGET /static/fonts/inter/inter-v18-latin-regular.woff2 HTTP/1.1[0m" 304 -
2026-09-10 21:12:54,132 - INFO - 127.0.0.1 - - [10/Sep/2026 21:12:54] "[36mGET /static/fonts/inter/inter-v18-latin-600.woff2 HTTP/1.1[0m" 304 -
2026-09-10 21:12:54,134 - INFO - 127.0.0.1 - - [10/Sep/2026 21:12:54] "[36mGET /static/fonts/inter/inter-v18-latin-300.woff2 HTTP/1.1[0m" 304 -
2026-09-10 21:14:19,934 - DEBUG - Importing JpegImagePlugin
2026-09-10 21:14:20,418 - INFO - Image classification results: [{'label': 'Apple___Cedar_apple_rust', 'score': 0.8559547066688538}, {'label': 'Apple___Black_rot', 'score': 0.005090199876576662}, {'label': 'Squash___Powdery_mildew', 'score': 0.005033143330365419}, {'label': 'Apple___healthy', 'score': 0.004702277015894651}, {'label': 'Raspberry___healthy', 'score': 0.004554192069917917}]
2026-09-10 21:14:20,418 - DEBUG - Normalized label: Apple___Cedar_apple_rust to Apple   Cedar Apple Rust
2026-09-10 21:14:20,418 - DEBUG - Normalized label: Apple___Black_rot to Apple   Black Rot
2026-09-10 21:14:20,418 - DEBUG - Normalized label: Squash___Powdery_mildew to Squash   Powdery Mildew
2026-09-10 21:14:20,418 - DEBUG - Normalized label: Apple___healthy to Apple   Healthy
2026-09-10 21:14:20,418 - DEBUG - Normalized label: Raspberry___healthy to Raspberry   Healthy
2026-09-10 21:14:20,418 - INFO - Detection and enhancement complete.
2026-09-10 21:14:20,428 - INFO - 127.0.0.1 - - [10/Sep/2026 21:14:20] "POST /detect HTTP/1.1" 200 -
2026-09-10 21:17:01,328 - INFO - 127.0.0.1 - - [10/Sep/2026 21:17:01] "GET /signin HTTP/1.1" 200 -
2026-09-10 21:17:06,588 - INFO - 127.0.0.1 - - [10/Sep/2026 21:17:06] "GET /index HTTP/1.1" 200 -
2026-09-10 21:17:06,608 - INFO - 127.0.0.1 - - [10/Sep/2026 21:17:06] "[36mGET /static/css/dashmix.min.css HTTP/1.1[0m" 304 -
2026-09-10 21:17:06,609 - INFO - 127.0.0.1 - - [10/Sep/2026 21:17:06] "[36mGET /static/js/setTheme.js HTTP/1.1[0m" 304 -
2026-09-10 21:17:06,612 - INFO - 127.0.0.1 - - [10/Sep/2026 21:17:06] "[36mGET /static/media/photos/placeholder2.png HTTP/1.1[0m" 304 -
2026-09-10 21:17:06,614 - INFO - 127.0.0.1 - - [10/Sep/2026 21:17:06] "[36mGET /static/media/photos/photo21@2x.jpg HTTP/1.1[0m" 304 -
2026-09-10 21:17:06,622 - INFO - 127.0.0.1 - - [10/Sep/2026 21:17:06] "[36mGET /static/media/photos/photo13@2x.jpg HTTP/1.1[0m" 304 -
2026-09-10 21:17:06,622 - INFO - 127.0.0.1 - - [10/Sep/2026 21:17:06] "[36mGET /static/media/photos/photo23@2x.jpg HTTP/1.1[0m" 304 -
2026-09-10 21:17:06,645 - INFO - 127.0.0.1 - - [10/Sep/2026 21:17:06] "[36mGET /static/js/dashmix.app.min.js HTTP/1.1[0m" 304 -
2026-09-10 21:17:06,646 - INFO - 127.0.0.1 - - [10/Sep/2026 21:17:06] "[36mGET /static/js/lib/jquery.min.js HTTP/1.1[0m" 304 -
2026-09-10 21:17:06,649 - INFO - 127.0.0.1 - - [10/Sep/2026 21:17:06] "[36mGET /static/js/plugins/jquery-countdown/jquery.countdown.min.js HTTP/1.1[0m" 304 -
2026-09-10 21:17:06,651 - INFO - 127.0.0.1 - - [10/Sep/2026 21:17:06] "[36mGET /static/js/pages/op_coming_soon.min.js HTTP/1.1[0m" 304 -
2026-09-10 21:17:06,656 - INFO - 127.0.0.1 - - [10/Sep/2026 21:17:06] "[36mGET /static/media/photos/photo17@2x.jpg HTTP/1.1[0m" 304 -
2026-09-10 21:17:06,659 - INFO - 127.0.0.1 - - [10/Sep/2026 21:17:06] "[36mGET /static/fonts/inter/inter-v18-latin-700.woff2 HTTP/1.1[0m" 304 -
2026-09-10 21:17:06,663 - INFO - 127.0.0.1 - - [10/Sep/2026 21:17:06] "[36mGET /static/fonts/inter/inter-v18-latin-regular.woff2 HTTP/1.1[0m" 304 -
2026-09-10 21:17:06,664 - INFO - 127.0.0.1 - - [10/Sep/2026 21:17:06] "[36mGET /static/fonts/inter/inter-v18-latin-600.woff2 HTTP/1.1[0m" 304 -
2026-09-10 21:17:06,668 - INFO - 127.0.0.1 - - [10/Sep/2026 21:17:06] "[36mGET /static/fonts/inter/inter-v18-latin-300.woff2 HTTP/1.1[0m" 304 -
